703.1,815.61,656.87,702.29,444.97,473.96,605.82,663.5,461.89,512.77,469.67,640.83,390.25,564.56,442.47,528.55,612.79,734.16,714.66,746.34,432.43,462.44,566.01,618.13,436.48,458.45,429.78,435.22,504.38,622.34,468.13,504.19,651.23,646.19,725.21,728.84,517.77,584.36,484.2,523.47,464.58,524.75,1024,1044.2,1182.9,1267.8,767.99,778.75,1272.3,1401,1266.7,1353.7,1211.5,951.9,668.91,591.48,804.11,938.04,1152.4,1222.1,1023.9,1150.6,757.99,901.24,1023,1106.1,984.99,990.22,899.18,986.58,457.03,518.69,495.29,576.72,499.97,560.55,537.2,566.02,618.25,732.21,684.01,828.83,466.98,569.43,847.9,968.28,504.31,563.57,619.07,641.57
697.99,812.04,646.98,688.43,436.78,471,601.33,657.16,463.63,515.54,469.5,643.02,391.95,570.4,442.25,521.37,607.53,728.85,701.22,735.21,430.53,456.5,558.49,606.67,433.59,454.58,418.19,429.62,504.46,615.72,464.7,497.08,645.69,640.3,723.09,727.48,522.62,587.05,481.36,515.41,464.77,518.2,1025.8,1046.9,1187,1268.8,767.22,777.29,1281.2,1410,1266.6,1356.9,1209.4,950.94,662.6,582.91,797.66,928.47,1141.9,1215,1012.6,1135.8,756.37,887.91,1026,1109.7,987.57,992.31,888.1,974.16,452.92,511.28,495.6,575.21,502.53,555.35,533.62,562.2,617.95,722.86,679.82,820.1,462.34,562.88,846.79,965.61,486.65,556.34,606.13,633.86
697.9,811.12,645.38,688.76,432.57,463.18,600.48,654.32,456.53,506.82,474.21,636.89,395.18,564.26,438.63,516.65,615.46,726.66,701.1,736.1,423.8,451.18,556.14,608.13,428.34,447.97,416.78,429.42,503.57,611.6,460.66,494.93,644.99,637.76,718.3,727.92,514.29,581.74,476.91,513.25,455.12,519.8,1019.2,1037.8,1171.2,1251,757.91,766.96,1259.7,1389.1,1253.2,1340.3,1208.9,941.6,656.28,576.92,800.7,931.63,1130.5,1200.9,1010.5,1138.6,767.8,896.87,1019,1095,972.76,975.13,892.88,976.13,460.33,513.8,493.41,571.63,498.47,558.73,531.22,561.9,620.85,727.64,683.6,818.59,454.96,558.88,839.87,955.14,490.08,552.57,603.44,628.14
695.54,810.16,640.42,685.03,436.3,462.78,596.33,651.2,457.55,509.97,468.88,634.69,390.75,565.43,434.98,520,605.52,725.18,698.51,731.19,421.27,450.74,550.16,604.23,428.79,448.13,421.12,428.98,501.36,612.62,456.35,491.91,639.04,633.03,713.18,721.08,516.87,581.85,477.01,517.04,460.62,520.1,1015.3,1034.8,1169.3,1248.9,758.3,768.44,1259.2,1386.8,1250,1336.4,1194.2,934.92,661.12,579.92,796.23,927.17,1128.4,1202.2,1006.9,1133.8,757.3,889.31,1006.6,1088.7,967.87,973.14,891,974.16,449.81,507.16,490.12,570.21,497.83,556.05,526.51,558.11,615.4,722.86,676.75,815.18,457.34,564.57,837.18,954.51,488.23,555.94,601.43,628.7
697.5,811.36,642.85,688.29,435.51,462.78,597.4,653.81,456.47,504.48,469.29,634.16,390.42,564.67,435.01,516.23,607.56,722.76,698.34,733.88,419.13,445.32,554.17,609.88,427.83,448.15,419.97,428.91,501.71,612.68,458.82,492.79,639.04,635.16,713.06,722.52,517.26,581.12,476.57,516.36,457.42,518.5,1015.7,1035.8,1167.1,1248.5,760.34,769.7,1255.3,1384.7,1249.1,1337.4,1195.5,934.85,660.36,580.31,796.84,928.71,1129,1203.7,1007.8,1132.5,761.68,890.9,1008.8,1087.3,967.78,973.1,888.29,971.84,453.86,508.65,488.54,568.97,496.33,554.25,528.49,557.7,615.3,718.43,678.5,813.71,455.79,566.04,836.96,952.48,489.23,555.23,599.53,630.53
696.47,811.97,640.86,687.46,439.41,466.6,596.85,653.01,456.55,504.08,465,638.38,387.65,564.27,437.2,519.93,608.85,730.38,698.24,734.84,423.9,452.59,552.25,610.29,429.52,446.64,423.78,432.4,502.3,614.56,458.09,492.11,639.52,636.14,727.76,731.04,518.92,583.74,483.15,523.31,460.69,521.6,1017.6,1040.8,1170.7,1258,763.03,774.15,1258.5,1385.8,1249.5,1339,1192.3,937.1,662.82,587.31,797.41,930.29,1130.3,1209.3,1006.8,1138.4,760.92,896.35,1016.1,1106.1,974.25,983.53,891.79,972.97,454.15,513.61,492.86,572.14,496.81,557.23,533.73,566.33,618.3,729.14,680.32,821.46,465.49,567.84,839.49,957.82,494.15,554.29,605.96,634.78
700.41,814.45,647.02,688.34,437.49,464.44,602.13,655.13,461.92,509.02,472.27,638.58,392.13,569.63,436.08,516.39,608.59,727.85,704.68,736.87,424.03,447.29,555.94,604.99,431.83,448.9,423.28,428.82,502.42,613.5,460.01,494.96,641.34,635.53,715.15,726.4,520.68,584.78,477.04,517.39,462.46,523.05,1020.1,1040.8,1174.2,1256.2,762.79,772.11,1263.3,1388.7,1251,1338.8,1201.7,944.94,661.19,578.87,801.6,932.87,1130.2,1209.3,1011.2,1136.3,758.87,891.94,1009.7,1095.1,973.14,976.47,896.82,977.94,456.04,511.35,492.5,572.14,500,557.92,532.61,563.68,618.35,729.07,677.66,815.41,457.21,561.88,837.69,953.91,494.23,558.2,605.6,632.08
699.65,813.25,642.08,684.85,436.24,463.36,598.48,651.51,457.42,509.18,471.33,635.17,391.81,565.34,436.37,517.53,608.33,724.09,701.57,732.73,423.73,452.71,550.47,602.33,429.97,449.22,420.09,428.73,501.05,613.93,457.4,491.98,640.5,634.11,714.52,724.36,519.14,588.35,477.45,514.22,458.15,518.45,1018.8,1041.9,1172.4,1253.1,761.49,769.08,1262.1,1391.5,1251.9,1338.8,1201.5,940.79,660.22,579.95,798.7,927.86,1131.3,1206.1,1009.3,1133.6,763.14,894.14,1008.7,1091.5,970.98,974.66,891.57,976.29,451.78,511.19,493.16,572.08,497.44,560.27,531.71,563.75,610.25,721.5,677.89,817.98,455.28,560.06,839.25,958.3,489,556.77,603.96,629.3
700.4,812.46,647.28,693.59,435.32,466.53,600.38,654.43,459.08,508.8,472.63,637.3,391.03,564.71,438.02,518.28,611.46,729.35,703.07,740.12,417.67,452,555.87,611.14,429.03,447.48,416.06,432.56,502.21,614.68,459.67,495.16,641.88,636.43,719.39,730.44,519.21,584.21,477.03,517.96,458.69,521.35,1017.3,1040.8,1168,1248.2,763.43,772.26,1258.3,1383.6,1247.9,1336.4,1196,937.81,664.14,582.94,799.91,930.65,1135.2,1211.5,1011.5,1139.7,765.61,899.27,1014.1,1097,974.09,978.31,892.5,973.19,456.45,512.7,496.92,573.57,504.72,560.75,534.29,565.24,616.85,722.93,681.72,819.05,456.81,564.71,840.49,956.47,490.96,559.69,604.24,633.56
699.07,812.73,648.56,696.67,437.3,468.78,599.42,656.57,458.74,510.33,468.42,637.28,387.99,563.06,438.43,519.9,608.26,728.3,704.18,739.29,418.37,452.71,559.73,618.04,435.59,452.52,423.59,432.18,501.44,616.01,460.37,496.78,644.82,639.9,715.64,730.48,515.96,582.07,474.46,514.54,458.04,518.4,1019.7,1043.5,1167.8,1254.2,764.94,777.29,1255.9,1386.8,1247.4,1337.3,1191.2,939.62,664.89,586.34,796.58,931.3,1140.5,1219.8,1013,1152.2,764.04,903.15,1011.8,1101.4,977.22,985.93,890.67,976.42,456.46,514.01,491.97,573.87,497.58,557.27,531.14,563.48,608.4,722,678.5,818.22,456.7,566.59,843.75,960.28,495.35,551.26,605.72,633.55
700.13,811.76,645.11,686.24,438.03,463.36,599.74,653.14,454.34,505.16,470.9,633.84,390.56,565.91,435.98,515.89,608.6,724.87,701.5,737.32,420.03,450.65,552.64,603.28,426.83,444.96,418.5,429.29,501.25,612.58,456.28,492.27,640.04,633.43,712.91,721.24,517.7,584.14,477.49,516.16,458.88,523.55,1020.5,1041.1,1172.4,1251.6,762.35,774.52,1259.4,1384.5,1249.3,1335.6,1198.4,943.1,662.03,584.85,798.69,931,1133.4,1212.2,1009.7,1133.3,763.2,895.95,1002.8,1083.8,971.59,975.21,893.29,977.39,451.74,507.49,490.64,571.52,497.03,555.48,529.05,559.65,611.4,720.5,677.77,813.86,456.23,560.67,838.03,958.23,488.92,554.54,605.18,633.27
699.74,812.91,647.68,690.16,437.08,466.16,604.66,659.94,464.42,512.54,475,642.2,393.12,570.17,441.57,518.97,614.36,728.46,698.72,735.65,427.37,453.97,558.42,608.69,429.41,451.61,420.72,431.2,502.79,615.67,466.56,498.58,643.84,640.75,717.91,726.56,522.82,586.44,482.11,521.66,461,525.2,1020.8,1041.7,1167.2,1245,762.89,773.23,1258.5,1382.4,1244.7,1331.7,1193.4,934.17,660.82,584.43,798.71,928.96,1138.6,1213.9,1012.7,1137.8,768.44,902.73,1010.9,1088.8,973.83,978.03,890.44,972.26,460.26,519.7,495.07,575.79,497.78,559.42,533.45,567.42,611.6,723.64,678.92,812.59,458.13,559.53,837.6,955.29,486.88,554.66,600.82,633.97
698.85,813.85,642.31,688.12,433.73,462.87,596.71,652.61,455.03,506.67,465.21,635.45,388.98,568.09,436.92,517.46,604.81,725.61,702.55,736.36,430.4,456.41,551.89,605.21,426.1,445.39,417.84,426.27,500.72,616.5,455.34,489.14,638.68,631.22,716.85,727,524.1,592.29,479.14,520.4,464.19,527.1,1022.7,1044.4,1175.6,1253.2,764.74,773.1,1267.5,1386.6,1252.5,1335.4,1199.4,940.83,662.93,580.03,798.14,929.41,1133.5,1207.4,1012.8,1136.7,759.9,900.44,1008.1,1087,973.54,977.05,897.19,974.48,452.77,509.81,495.38,574.51,499.56,558.77,532.98,567.46,614.2,724.86,676.3,817.41,462.13,557.94,841.13,961.04,490.92,556.14,608.67,631.34
701.46,812.81,646.69,690.11,440.43,470.42,600.05,653.25,458.68,505.59,468.9,633.48,392.17,564.62,437.01,521.29,608.75,723.43,703.18,733.79,426.17,460.41,553.11,606.36,425.69,449.13,428.97,436.53,500.62,615.19,455.99,492.36,641.54,635.02,710.91,722.04,522.74,591.11,479.2,517.54,464.5,527.2,1029,1045.1,1180,1257.2,763,773.2,1266.6,1391.6,1258.3,1343.8,1205.8,940.62,658.42,581.65,799.33,932.71,1132.6,1213.6,1016.5,1144.7,766.37,902.27,1008.1,1086.8,972.56,978.35,895.47,976,455.39,512.19,493.46,573.41,499.64,559.7,532.24,565.74,610.7,717.43,674.79,814.8,462.98,573.73,836.52,958.38,496.04,558.77,608.59,634.24
701.03,814.16,645.28,690.08,437.03,466.56,600.86,654.93,458.74,513.82,473.48,633.25,394.49,569.8,438.96,521.38,613.37,727.66,703.67,737.92,425.23,448.62,553.47,603.04,430.31,448.73,420.19,427.51,504.41,618.04,460.57,493.87,642.21,636.29,719.76,722.52,517.22,583.58,475.31,516.13,463.35,525.5,1025.5,1044.9,1178,1257.2,765.35,772.01,1268.3,1395.6,1256.9,1347.9,1199.9,947.35,661.96,580.03,801.09,933.79,1139,1214.8,1019.2,1147.4,763.8,899.7,1006.5,1091.7,975.09,976.75,896.75,977.13,458,515.98,495.77,577.58,501.25,556.62,533.5,566.65,612.3,731.07,680.11,819.66,456.49,570.02,841.13,955.87,492.19,558.71,605.25,633.14
699.44,808.07,645.73,689.49,437.54,469.87,598.94,652.59,455.97,507.08,467.04,630.62,389.88,561.11,433.55,518.4,610.09,721.3,700.77,734.72,422.53,455.12,553.36,607.82,427.38,447.93,423.81,436.36,500.1,613.02,456.94,492.4,639.65,631.45,709.36,721.56,519.35,585.43,478.99,519.51,457.23,521.5,1022.2,1037.6,1172.4,1248.8,763.82,772.59,1259.7,1380.8,1247.2,1335.5,1201,943.48,660.55,584.02,798.35,928.56,1137.2,1209.9,1015.8,1139.4,765.7,897.13,1011,1087,971.48,973.41,891.9,971.42,455,508.94,491.27,570.85,497.17,554.25,528.88,559.59,607.3,719.64,676.47,811.3,461.43,563.14,835.79,954.57,496.88,559.94,605.2,635.12
691.37,806.68,639.9,684.7,437.03,463.89,596.66,649.98,452.87,503.51,467.04,628.77,387.66,560.27,431.98,515.62,605.99,719.73,693.3,728.63,420.47,444.94,551.33,603.53,428.66,448.96,420.38,427.53,499.08,610.74,459,490.67,632.91,629.77,710.12,722.32,515.43,582.32,477.07,514.88,463.58,524.65,1025.8,1044.8,1176.4,1259.3,760.07,770.02,1264.4,1392.1,1256.8,1339.3,1196.6,941.58,654.93,578.61,790.93,931.48,1126.3,1205.2,1003.5,1130.8,751.79,886.99,1001.5,1079.7,966.57,971.82,887.19,966.58,451.66,510.15,490.34,570.26,491.25,555,527.54,557.73,616,724.29,673.18,813.29,451.66,563.59,832.55,950.41,484.88,555.89,599.46,630.04
693.53,807.5,643.34,684.34,436.3,463.38,600.98,652.62,455.26,506.33,468.4,632.33,386.98,563.96,432.71,514.19,607.31,722.72,696.13,729.22,418.67,453.76,553.29,602.62,428.48,446.85,420.72,427.18,499.54,611.65,458.55,491.72,636.61,631.28,707.03,720,515.14,583.69,474.39,515.58,459.15,521.3,1023.9,1042,1176,1258.3,757.03,767.77,1264,1388.5,1251,1339.6,1198.1,942.54,652.88,579.41,793.74,932.8,1129.9,1207,1005.4,1130.2,755.42,890.1,1005.1,1078.2,966.53,972.64,891.21,972.1,452.45,509.67,490.89,567.85,495.22,549.85,528.38,558.61,606.05,721.14,673.26,814.63,458.21,570.63,832.63,949.36,489.12,559.57,600.51,631.78
696.21,812.46,650.01,685.98,438.08,467.58,607.6,658.62,463.89,520.57,471.46,636.41,389.36,569.3,437.88,519.75,604.81,723.88,701.46,731.49,420.3,452.29,560.84,605.73,435.1,454.27,419.34,429.78,497.85,610.77,461.09,494.98,639.31,632.74,708.48,721.36,515.06,576.46,477.84,516.29,454.5,522.45,1038.6,1060.2,1193,1279.3,765.87,776.55,1281,1407.5,1275.4,1363.2,1204.5,949.75,658.76,581.39,797.27,934.14,1133,1206.7,1007.4,1131,754.17,889.46,1003.7,1078.4,972.74,976.74,893.32,975.84,449.28,509.81,486.67,567.79,489.53,549.85,518.72,551.29,606.05,719.14,667.9,808.88,452.68,566.08,839.12,963.68,486.12,555.49,601.16,631.62
697.45,811.85,647.37,686.29,437,463.02,604.47,656.15,459.21,508.59,469.37,633.23,389.8,562.86,437.38,514.14,611.78,719.36,699.09,734.74,419.43,448.38,555.73,604.9,428.69,448.94,419.53,430.09,501.63,609.82,462.26,493.19,640.09,635.27,710.09,721.36,510.12,575.86,479.59,516.35,456.19,519.75,1028.2,1048.5,1175.1,1254.1,767.07,774.68,1264.2,1395.7,1258.7,1344.1,1212.4,951.46,661.29,580.97,798.33,932.29,1146.6,1215.3,1012.4,1134.9,755.83,886.9,1002.4,1086.9,976.58,977.55,897.24,976.39,452.7,509.91,492.86,568.17,491.89,553.2,524.18,557.59,615.75,716.64,679.14,809.99,451.53,560.78,834.61,954.73,490.27,551.31,604.13,630.83
696.22,813.18,641.92,684.8,434.24,463.56,596.99,650.82,457.32,502.28,467.77,630.62,387.84,562.65,432.57,512.03,611.77,718.17,697.9,733.49,414.8,446.62,548.24,600.94,425.66,446.94,421.41,431.78,498.56,610.78,457.75,490.06,636.63,630.76,709.06,716.84,512.38,578.36,475.51,515.9,457.35,521.6,1021.5,1041.2,1172,1247.9,761.19,769.7,1255.7,1381.9,1245.3,1333.2,1198.8,941.83,654.79,577.82,796.4,934.73,1130.4,1207.3,1002.7,1130.6,759.77,889.4,1004.8,1078.5,971.01,972.26,897.17,974.1,453.26,511.17,490.11,569.52,496.14,553.35,525.98,556.52,611,715.5,673.89,809.89,459.26,561.47,833.87,948.06,494.23,553.29,600.52,628.35
697.52,809.17,641.89,687.24,435.03,463.73,597.26,649.03,454.82,503.67,465.62,624.61,384.38,557.31,430.42,514.85,605.54,719.3,699.76,735.64,416.9,449.74,548.88,600.69,423.14,444.87,422.66,431.24,498.37,610.86,455.45,485.72,637.36,631.38,710.06,718.48,515.55,579.32,475.15,514.25,457.69,519.15,1024.2,1045.6,1178.1,1256.4,760.44,770.58,1261.6,1391.2,1249.6,1340,1195.5,944.17,653.81,578.09,797.16,931.75,1126.2,1204.4,1002.3,1130.1,755.9,887.59,1002.4,1078.8,968.6,972.05,896.07,973.48,452.3,507.55,490.51,568.91,498.64,555.17,528.44,558.69,608.15,718.93,672.74,814.15,459.38,565.96,834.17,951.59,487.81,555.69,602.32,630.55
698.36,811.99,641.75,687.49,435.35,464.8,595.8,649.86,453.66,502.16,465.37,627.33,384.68,559.3,430.34,512.54,605.48,720.47,700.29,737.32,414.83,448.21,548.93,602.44,425.1,444.07,418.16,431.47,497.85,610.86,453.92,485.68,636.73,631.6,713.97,721.52,517.1,581.69,472.72,512.8,453.15,517.45,1023.2,1046,1172.7,1252.5,760.2,770.59,1263.3,1387.6,1250.6,1336,1195.8,942.81,653.28,579.36,798.05,934.45,1123.5,1207,1001.9,1130.7,757.35,891.02,1002.7,1078.5,969.78,973.22,899.93,975.81,452.44,507.27,488.82,570.98,501.39,551.42,527.18,558.61,605.25,720.43,673.34,813.4,458.68,563.71,833.22,952.06,485.5,556.6,600.92,628.47
699.3,810.66,644.33,687.23,434.57,463.71,597.05,651.69,455.79,503.9,466.48,630.17,385.28,560.66,430.19,511.86,608.09,721.31,701.39,737.87,414.27,448.03,549.79,601.36,425.07,445.76,418.75,430.51,495.4,610.29,456.27,488.65,640.55,632.84,711.79,723.08,514.36,580.39,473.39,510.36,453.92,516.2,1025.1,1045.2,1175.1,1253.5,761.9,769.76,1260.7,1385,1250.4,1338.5,1200,943.69,655.1,578.12,797.76,932.02,1128.5,1207.8,1003.7,1131.5,756.77,891.6,1005.1,1080.3,970.4,974.89,896.81,979.55,451.76,510.32,491,569.81,497.75,554.6,527.79,557.69,605.5,723.36,673.67,811.4,459.09,565.41,834.39,950.6,485.92,559.37,600.21,629.77
698.51,816.43,643.32,686.43,435.3,465.42,598.53,652.17,456.32,507.41,469.83,633.33,387.89,563.87,433.96,511.8,608.1,722.63,701.13,737.58,417.5,449.53,550.51,603.82,426.14,446.03,416.44,430.02,497.26,608.86,459.39,492.01,641.2,634.67,710.48,724.2,514.56,580.98,477.08,516.04,449.77,517.3,1021.8,1042.1,1173.8,1247.8,761.7,773.23,1262.2,1382.4,1246.8,1331.2,1191.8,940.02,656.91,585.14,797.87,933.99,1127.5,1211.3,1004.6,1132.8,760.07,893.98,1006.3,1080.5,971.19,974.47,899.42,979.81,452.53,508.85,488.19,570.59,494.19,555.38,526.65,557.12,608.5,719,674.66,811.22,458.47,564.37,835.29,951.77,487.04,551.97,600.25,634.31
697.44,814.48,645.38,687.69,435,465.11,597.88,652.22,460.92,505.34,465.1,631.83,386.31,563.38,432.88,514.25,604.07,721.18,701.47,733.94,417.7,447.59,548.55,600.86,423.07,446.31,420.12,431.96,498.44,609.18,452.5,488.84,636.79,630.14,713.94,721.8,516.3,581.54,479.24,519.37,453.85,519.8,1020.6,1040.9,1176.3,1249.2,761.4,774.49,1267.2,1387.4,1250.3,1333.1,1189.5,939.33,657.13,586.64,796.17,931.88,1126.9,1206.2,1002,1127.4,753.87,888.56,1004.3,1080.6,971.54,974.59,899.56,977.61,447.12,506.65,493.48,566.91,497.86,554.5,527.41,556.88,610.25,720.5,675.73,809.39,454.3,561.41,836.29,952.16,487.96,551.83,599.72,635.59
697.89,810.55,643.45,686.59,438.3,463.49,595.36,648.7,458.87,505.61,465.33,632.48,386.86,560.9,435.26,513.32,605.91,722.34,701.08,735.99,418.53,448.06,548.75,601.74,426.24,447.72,422.16,431,497.23,609.85,451.74,487.53,637.97,631.51,711.36,719.48,517.99,582.65,475.27,515.61,457.38,516.45,1022.2,1041.7,1172.9,1247.4,760.25,770.49,1256.5,1379.5,1247.8,1332.4,1195,937.42,651.28,577.59,796.53,933.57,1126.3,1206.3,1003.5,1132.2,755,891.36,1004.5,1080.3,969.84,973.24,899,979.61,448.54,508.89,492.84,571.92,499.14,553.77,528.11,560.79,609.45,722.5,675.72,811.22,458.94,561.04,837.11,952.07,486.92,554.14,599.81,628.14
699.35,810.32,644.27,688.67,437.14,463.67,596.41,648.68,457.76,501.9,464.04,627.09,384.09,553.6,434.27,518.78,604.94,719.79,701.22,739.18,421.67,457.44,552.34,606.77,428.1,445.93,425.06,436.6,495.8,611.76,454.06,487.83,635.8,631.47,714.24,727.16,512.87,583.91,473.92,516.67,458.15,520.25,1020,1042.5,1168.3,1243.8,759.63,773.07,1254.5,1376.6,1244.3,1328.8,1192.6,943.75,653.84,580.72,799.11,930.65,1124.2,1203.5,1004.1,1128.4,759.08,888.93,1008.5,1080.5,969.44,973.89,897.26,980.1,448.28,508.51,489.51,570.65,497.78,556.83,530.72,560.75,609.8,723,674.85,812.56,465.15,571.02,838.03,951.38,494.15,556.14,604.18,631.93
695.99,811.91,645.79,691.57,433.24,462.67,598.14,652.54,454.26,500.62,464.98,626.77,383.91,557.95,431.2,515.81,604.06,718.1,704.9,739.58,423.03,452.82,555.17,610.15,427.79,448.31,419.69,432.2,495.45,611.49,456.26,491.5,637.94,631.63,711.27,725.76,516.74,585.66,477.31,518.4,454.81,521.8,1021.2,1042.1,1172.1,1248.6,760.83,774.15,1254.3,1381.9,1245.9,1330.3,1189.6,942.35,653.83,584.38,799.12,932.39,1120.9,1201.9,1000.5,1128.6,757.15,887.68,1005.5,1081,971.52,978.36,901.53,976.61,450.9,510.82,490.59,570.94,495.56,555.1,529.18,559.8,607.9,719.5,671.51,812.68,461,572.14,836.45,952.97,492.35,557.89,601.99,634.16
698.25,812.72,645.86,687.78,430.43,461.6,596.52,650.79,454.71,502.75,470.33,629.91,386.95,560.01,430.97,514.35,606.83,720.54,703.28,740.93,418.03,450.35,550.9,603.56,428.55,445.37,419.16,426.31,498.2,610.6,457.87,491.89,639.44,634.14,716.67,723.96,516.47,582.69,473.89,513.54,454.08,520.3,1023.8,1041.2,1176.6,1252.5,760.01,768.81,1259.6,1387,1253.5,1339.2,1202.1,945.98,653.3,575.57,799.39,934.45,1120.1,1204.8,1001,1130.5,754.83,886.49,1005.9,1082.2,970.68,977.09,899.6,979.71,451.18,508.98,490.23,572.59,495.83,559.9,530.97,560.25,611.1,719.21,671.73,810.59,450.72,563.53,833.91,949.9,483.35,555.26,600.63,627.8
699.06,814.25,645.17,684.45,431,460.53,598.82,652.57,456.97,508.05,470.38,634.77,387.34,563.89,437.57,516.42,608.11,724.87,702.33,736.91,426.83,454.24,552.6,604.42,428.9,451.37,417.69,428.02,500.16,612.92,459.64,492.56,641.51,636.47,719.48,730.48,522.62,591.55,481.85,519.95,463.35,523.5,1018.7,1043.4,1169.4,1245.9,767.88,776.21,1258.9,1374.3,1246.3,1328.5,1190,940.88,659.46,583.29,798.53,930.9,1121.5,1205.4,1004.3,1127.5,755.69,886.74,1006.7,1083.3,972.83,982.03,897.89,979.42,452.2,511.75,491.92,571.99,500.03,555.88,531.68,564.77,614.2,722.86,675.93,817.07,453.87,559.69,842.89,960.75,492.19,553.57,602.11,633.5
699.75,813.52,645.58,686.45,433.16,463.8,599.54,653.82,461.18,510.8,470.4,635.12,388.25,567.48,438.66,518.09,609.69,723.52,701.61,736.75,427.23,454.79,556.04,602.38,430.03,453.55,415.62,425.6,504,614.49,460.34,495.06,641.63,634.03,718.67,730.68,519.42,588.36,479.78,518.54,458.62,523.85,1023.5,1042.1,1179.4,1253.5,764.23,774.17,1265.6,1388.7,1259,1338.4,1205.8,948.56,662.91,580.87,798.96,931.1,1120,1204,1003.4,1130.1,757.66,886.99,1004.8,1083.7,974.21,979.4,896.08,977.94,454.34,511.95,491.63,575.83,500.31,557.5,532.03,564.27,611.35,729,675.05,817.97,452.79,554.61,836.07,957.18,489.38,550.89,604.53,629.25
696.92,815.16,643.61,685.76,433.08,464.6,596.65,655.51,454.95,504.92,469.79,634.48,390.5,565.87,436.06,516.41,608.86,723.29,700.75,734.71,423.93,450.94,550.63,605.14,426.9,447.54,419.81,428.33,501.6,608.78,457.45,495.32,639.43,636.64,720.91,729.52,516.99,584.07,478.18,518.43,454.69,526.4,1018.7,1037.3,1169.4,1244,759.52,770.51,1256,1375.3,1246.6,1331.8,1201.2,940.98,656.12,583.68,795.34,931.48,1119.6,1205.3,1000.1,1131.7,758.24,890.87,1011.1,1086.3,971.91,977.91,895.25,975.81,453.13,510.4,491.61,572.39,496,555.7,530.68,561.26,614.05,720,674.95,813.63,455.38,562.14,835.02,953.14,493.77,553.77,601.12,631.19
698.09,812.09,642.64,686.96,433.32,465.13,596.42,652.18,457.45,505.59,470.29,631.48,388.55,565.14,438.24,517.12,608.81,721.02,699.74,733.99,421.63,454,550.69,601.86,427.72,449.66,421.31,427.8,502.09,610.44,457.78,491.32,637.24,632.1,719.3,725.84,518.94,583.15,478.77,518.24,457.04,522.4,1017.3,1035.6,1171.3,1243.2,759.05,769.2,1256.5,1377.9,1245.9,1332.8,1185.6,934.98,654.37,578.95,795.13,929.27,1119.8,1201.3,1001.5,1129.5,754.68,890.78,1009.5,1087.5,971.68,977.23,896.38,977.9,452.09,511.32,494.23,572.89,499.64,555.58,527.86,562.17,611.55,717.79,678.21,811.51,456.51,566.65,838.69,953.55,487.77,558.4,602.12,630.51
699.63,812.63,645.02,684.52,436.03,465.02,599.34,652.09,457.66,505.44,471.13,631.45,387.91,559.65,436.49,516.9,608.73,718.61,700.91,733.24,418.07,450.53,549.25,603.59,429.21,444.07,419.28,434.33,497.66,609.65,456.35,489.34,639.73,632.87,717.88,725.36,516.14,582.22,474.91,514.95,455.38,524.55,1023,1039.4,1172.9,1245.4,760.12,770.91,1254.6,1381,1250,1335.3,1199.9,939.48,652.86,577.76,796.59,932.8,1122.4,1202.7,1005.9,1130.2,759.13,887.64,1010.7,1085.4,971.2,973.77,898.68,974.71,450.43,508.38,491.03,568.33,495.25,550.58,528.27,558.14,608.6,717.14,677.15,808.97,464.51,571.73,836.25,952.45,492,558.66,602.05,626.6
702.01,811.65,643.33,686.03,432.08,463.96,598.78,650.97,457.34,505.2,468.4,630.5,387.3,561.98,436.81,517.4,608.27,720.76,699.64,732.57,421.73,452.47,550.22,602.33,426.45,448.25,418.03,433.04,499.05,608.24,456.05,489.73,638.89,630.38,716.27,726.56,516.01,583.28,475.03,516.76,455.04,514.85,1022.5,1042.5,1175.6,1248.9,759.32,770.36,1259.9,1382.9,1248.5,1333.7,1192.6,937.06,652.65,577.76,797.91,931.16,1123.6,1201.4,1006.5,1130.3,756.7,888.64,1008.3,1084.7,971.44,974.66,900.11,970.39,451.33,506.65,490.1,566.97,493.08,552.27,528.75,557.77,609.05,723.07,674.98,807.49,459.3,567.53,836.09,952.11,491.12,553.71,603.53,630.69
701.89,811.18,642.88,687.08,436.92,463.31,598.34,652.6,456.82,505.9,467.29,632.45,387.16,561.07,435.09,516.76,606.14,718.47,701.42,736.33,422.37,451.32,550.78,604.08,427.28,445.4,422.62,432.42,496.92,608.13,453.09,488.23,639.49,632.83,713.97,723.08,516.25,583.95,475.82,515.58,454.65,517.7,1025.5,1043.7,1176.6,1250.1,759.24,769.4,1258.7,1384.9,1250.7,1334.3,1197.1,939.21,652.54,576.03,798.21,930.91,1124.8,1205,1005.3,1131.2,756.73,889.73,1008.6,1084.3,973.33,976.11,897.92,975.77,448.75,508.99,490.09,565.79,498.22,549.4,528.88,557.28,610.3,719.86,676.03,808.62,459.57,568.94,834.47,951.35,488.62,556.17,600.93,628.9
701.23,811.56,643.22,685.63,433.54,460.56,598.36,652.9,458.08,507,466.94,633.06,389.93,561.76,434.89,514.75,607.7,719.1,700.52,732.76,418.57,451.76,549.61,603.55,425.41,447.79,419.72,432.38,498.04,608.62,453.96,489.04,639.28,634.1,716.39,728.8,520.95,585.05,479.32,520.11,456.5,519.15,1021.7,1041.4,1175.7,1250.5,760.3,771.9,1257,1379,1248.4,1331.2,1186.2,938.31,656.09,583.66,798.35,932.02,1126.6,1203.2,1006.4,1130.3,757.72,888.73,1009.2,1084.5,973.06,976.49,898.26,979,449.56,507.65,491.03,567.44,494.5,549.4,529.49,559.8,613.75,720.57,674.93,810.01,459.09,565.8,835.73,953.24,484.73,555.86,602.88,634.81
700.02,813.45,644.46,684.82,433.92,463.96,600.01,653.19,456.76,508.66,468.58,631.66,389.69,563.74,436.56,515.17,608.65,720.55,700.17,734.91,421.83,451.53,552.49,601.95,426,446.25,418.31,430.47,498.21,609.69,455.6,488.39,640.89,634.48,714.85,725.24,516.78,585.11,480.34,521.66,452.92,522.7,1022.3,1042.1,1175.4,1251.4,760.92,772.92,1257,1381.4,1249.9,1331,1189.8,937.6,659.42,588.43,799.24,933.06,1127.7,1206.4,1007.6,1131.5,758.13,891.93,1006.9,1082.3,974.91,978.15,897.79,977.45,452.15,508.26,490.82,568.94,495.14,554.17,528.41,558.56,611.65,721.93,677.21,810.03,459.15,564.55,835.44,955.01,487.46,548.86,603.4,636.36
699.47,814.17,643.63,685.03,433.49,460.89,597.78,653.34,455.92,509.33,469.77,637.31,390.93,569.04,438.48,516.15,608.85,722.19,698.52,731.41,420.73,452.79,549.69,602.72,429.55,448.75,418.06,428.93,499.17,610.63,455.06,489.49,638.76,632.04,716.85,727.76,517.13,580.73,477.24,516.13,458.31,518.8,1023.4,1042.8,1176.7,1251.2,758.38,769.55,1258.3,1383.7,1249.9,1335.1,1192.6,935.69,654.62,582.37,797.85,933.83,1127.2,1209.6,1005.7,1131.7,755.99,891.92,1007.5,1084.5,975.07,978.93,894.47,976.94,450.62,510.93,494.24,570.66,497.97,553.42,530.94,561.2,616.05,720.86,679.83,811.44,459.45,566.82,838.69,951.17,490.96,557.4,602.11,630.96
700.27,811.8,643.55,685.3,435.14,460.51,599.49,650.72,455.76,504.74,467.13,633.36,388.16,564.14,434.69,514.88,607.8,721.94,700.28,735.63,419.37,453.71,549.15,601.23,424.55,444.85,422.41,430.04,500.61,610.52,453.84,487.24,640.86,633.28,713.55,725.92,519.86,584.34,476.78,517.98,456.92,521.05,1024.6,1042.4,1175.7,1253.2,762.03,775.23,1256.2,1382.3,1247.7,1334,1187,938.46,660.43,587.43,799.1,932.88,1127.7,1208.7,1005.5,1128.3,760.34,888.69,1007,1082,974.67,977.77,896.69,982.19,451.41,505.7,492.2,568.94,496,552.38,528.53,561.39,614.1,721.43,677.82,813.89,461.47,565.35,837.66,954.95,489.15,553,602.57,635.96
700.34,810.85,643.66,687.03,430.19,462.56,596.33,650.44,457.13,505.48,470.38,631.11,387.11,561.93,432.58,516.64,606.49,724.69,703.12,734.97,423.13,453.59,547.72,602.81,427.62,446.72,418.22,431.02,500.69,613.51,452.23,487.47,639.68,633.19,717,726.72,517,584.71,478.51,518.35,455.46,521.5,1023.6,1041.4,1175.6,1251.1,760.13,773.07,1256.3,1382.5,1248.1,1332.9,1187.2,935.83,656.98,586.12,798.77,931.51,1128.2,1209,1005,1130.1,755.25,886.89,1004.5,1084.4,973.57,977.16,897.88,979.1,450.57,508.49,490.91,568.37,497.58,554.83,529.17,560.26,611.65,730.93,676.92,815.97,455.72,566.12,836.87,953.84,490.69,550.03,601.2,635.78
701.6,811.02,645.86,692.2,435.16,463.27,598.01,652.77,452.82,503.08,467.21,631.95,387.2,558.03,434.39,519.12,606.06,723.45,705.42,738.67,420.27,455.74,550.19,608.32,426.38,446.7,422.62,431.29,498.83,612.81,455.05,491.1,640.78,633.74,716.27,724.52,517.51,584.58,476.05,517.6,457.92,520.65,1021.5,1042.4,1172.7,1250.7,762.18,774.31,1252.9,1381.4,1246.7,1333.3,1193.2,945.08,657.48,582.21,799.56,932.84,1125.9,1206.8,1005.6,1130.5,755.48,889.21,1003.4,1083.6,973.15,976.27,903.01,979.58,451.8,508.1,490.5,570.28,496.33,551.98,527.18,560.12,610.4,723.71,676.89,814.42,455.64,569.8,838.63,953.94,495.58,561.49,605.57,633.44
700.55,811.05,646.77,691.3,434.38,463.13,596.56,652.79,454.42,506.54,466.87,627.94,384.16,559.28,434.92,518.08,606.88,721.57,703.76,736.65,423.43,455.82,550.93,609.81,431.21,446.21,420.19,430.16,500.7,614.12,456.08,490.98,640,634.68,718.58,725.32,516.62,582.72,474.84,514.35,459.04,524.95,1021.2,1040.5,1169.8,1248,758.34,767.74,1247.5,1375.5,1243.5,1329.9,1192.9,938.77,654.33,578.24,798.79,931.63,1127.2,1205.2,1004.3,1131.5,754.97,888.54,1005.6,1084.7,972.41,975.69,899.9,980.16,454.09,508.61,490.46,570.2,496.78,555.6,531.32,559.49,613.35,718.21,676.46,816.95,453.96,565.08,838.4,952.32,493.08,559.26,601.36,630.38
699.79,811.23,643.82,689.74,435.22,465.93,599.32,652.95,458.87,505.39,471.33,629.17,387.96,557.2,439.55,517.92,608.99,723.27,701.97,738.98,422.17,449.03,552.75,607.59,429.97,444.24,421.41,431.22,504.59,614.96,456.52,492.03,642.38,636.08,718.91,727.48,519.7,587.49,476.7,517.6,460.85,525.7,1018.7,1040.2,1169.7,1248.1,760.24,771.34,1250,1377.1,1244,1333.5,1190.4,937.92,657.82,578.81,794.9,930.36,1127.1,1208.4,1011.2,1137.1,758.11,895.07,1011,1083.6,971.48,977.17,894.39,977.23,458.62,509.31,494.7,573.41,501.61,562.05,535.69,567.5,616.95,721.64,679.73,817.44,454.64,565.14,837.34,951.68,490.58,559.26,606.67,632.02
699.82,810.65,642.67,685.84,432.3,466.38,600.05,653.65,459.05,508.79,470.27,633.73,391.52,564.57,436.41,516.75,608.54,724.51,699.86,733.47,424.83,453.35,550.28,602.08,426.83,449.04,421.03,432.16,502.6,617.67,458.99,493.45,644.04,637.64,713.76,723.52,521.34,589.01,475.42,515.24,457.85,522.9,1023.5,1042.3,1176.2,1254.6,758.23,770.75,1254.1,1382.2,1249.5,1340.1,1191.7,938.38,654.43,577.31,796.67,932.63,1127.4,1209.8,1012.5,1141.5,762.17,898.81,1007,1081.2,974.5,977.83,891.99,976.48,457.32,516.12,496.14,572.47,498.5,555.83,533.31,564.68,612.4,719.71,679.41,817.25,460.64,567.14,835.94,952.95,484.85,551.06,598.66,630
700.6,812.9,645.15,687.08,437.24,465.09,601.01,653.91,457.55,508.25,468.85,634.34,390.55,567.41,436.1,517.25,609.38,724.25,699.91,732.39,424.27,449,553.45,602.94,426.72,447.58,418.72,429.33,504.82,617.12,459.56,493.01,642.64,637.29,718.42,728.08,518.34,583.62,478.32,515.96,463.08,515.5,1023.5,1040.4,1177.1,1256.4,760.91,769.37,1255.7,1382.5,1250.5,1338.9,1201.7,942.54,658.32,580.56,795.2,930.94,1133.9,1210.7,1014.3,1140.8,760.13,896.47,1005.8,1083.7,975.07,977.91,890.24,978.39,453.75,510.25,490.34,569.5,498.33,555.6,531.59,562.54,616.5,725.86,680.76,822.23,455.19,559.49,838.33,953.84,489.77,556.23,605.52,632.55
699.03,812.62,646.08,686.12,434.3,466.6,602.49,654.76,460.29,509.28,473.02,636.92,392.28,567.44,438.25,517.48,610.42,725.67,701.5,734.02,420.63,451.03,555.67,601.38,429.72,446.64,419.91,431.69,501.73,614.39,459.56,493.85,644.01,637.82,714.55,724.48,519.13,584.34,473.11,515.48,461.19,521.75,1020.5,1039.8,1172.5,1249.8,760.81,770.93,1251.9,1376.6,1247.3,1332.5,1189.7,937.6,658.03,583.77,795.3,931.88,1134.3,1212.6,1014.5,1143.6,764.93,900.27,1010.9,1083.5,977.22,977.5,892,974.68,455.04,508.36,491.62,569.81,498.64,555.92,531.99,562.65,614.25,724.36,679.57,815.89,452.79,563.14,837.76,953.7,486.62,551.94,601.42,633.37
700.65,815.31,648.19,687.84,433.68,465.18,604.46,657.15,459.37,515.23,471.23,642.22,392.28,571.95,438.29,521.69,610.96,734.08,702.8,732.89,422.87,452.53,556.63,601.49,428.9,452,423,430.24,504.44,616.22,461.54,494.13,646.07,639.54,718.7,727.32,516.92,582.76,479.74,519.66,462.77,519.3,1023.2,1042.7,1175.5,1249.9,765.98,775.6,1260.1,1383.9,1254.9,1337.4,1201.2,942,667.05,587.2,798.53,931.36,1139.2,1214.8,1019.7,1143.7,763.65,904.31,1008.7,1091.3,977.34,979.87,893.47,975.55,455.65,516.38,492.35,573.32,496.44,557.5,530.57,565.07,613.6,731.57,676.91,823.04,455.38,560.76,837.71,953.64,493.15,553.11,608.11,636.13
697.25,811,643.19,685.63,433,461.89,601.09,654.21,460.45,507.43,473.17,635.16,390.99,566.1,436.59,514.41,610.85,722.12,695.74,731.58,421.2,442.47,553.97,600.54,426.59,447.24,418.22,427.16,502.87,614.39,459.6,490.89,643.71,638.16,715.36,725.52,514.62,582.36,477.58,517.42,455.35,521.95,1017.5,1040.9,1166.6,1244.3,762.66,774.98,1253.6,1376.2,1244.4,1328.3,1192.8,933.96,663.14,587.89,795.7,926.84,1133.8,1210,1018.3,1142.2,763.54,898.09,1008.9,1082.9,975.09,976.55,889.28,971.39,456.15,509.35,491.21,568.37,496.69,554.8,530.48,561.25,612.05,720.79,679.19,815.33,453.72,556.49,838.42,954.91,491.88,550.6,602.25,636.21
698.01,809.33,642.62,687.18,433.81,464.6,599.17,653.89,459.08,507.39,469.58,632.95,388.7,565.23,437.59,515.85,611.17,724.36,697.23,731.5,425.33,450.56,551.16,604.53,428.79,450.72,420.62,429.89,504.04,612.5,457.59,493.33,639.4,635.29,713.24,723.64,516.14,579.89,476.12,516.53,459.77,521.3,1019.7,1038.4,1171.3,1247.5,760.62,768.11,1255.7,1379.6,1244.5,1330.2,1196.3,939.69,656.69,580.01,795.09,930.08,1134.7,1208.2,1016.4,1141.6,759.55,896.76,1004.9,1082.6,971.02,974.49,888.1,978.61,455.8,514.88,492.65,570.35,500.25,557.85,532.43,563.35,616.25,726.64,680.87,815.39,455.68,563.06,838.18,952.72,488.65,557.54,604.47,632.87
699.3,808.99,645.99,688.55,436.22,463.89,598.92,651.97,455.37,507.77,467.25,629.98,388.84,563.37,437.48,518.1,605.22,721.96,698.34,734.91,420.97,448.38,553.65,604.37,429.38,448.76,422.06,429.31,502.07,614.31,457.49,493.78,638.32,632.25,711.52,724.6,515.64,581.66,473.26,514.54,456.85,520.35,1021.5,1040.2,1172.5,1251,760.04,767.87,1259.3,1383.6,1250.8,1334.3,1193.2,938.71,654.06,577.65,796.27,929.45,1126.2,1208.8,1010.3,1134,756.49,891.99,1002.9,1079.6,968.03,970.19,893.76,973.97,454.96,510.61,491.49,569.59,502.44,557.9,531.18,561.19,614.35,725.29,678.91,817.15,458.77,566.84,835.77,950.93,494.5,558.43,601.64,628.42
698.72,806.87,643.01,688.17,434.7,463.56,598.21,650.31,457.63,507.57,468.67,629.28,387.98,560.96,435.16,515.56,604.83,718.17,698.14,731.34,425.67,452.56,550.92,603.13,428.72,448.04,423.22,429.51,499.31,613.53,458,489.27,638.27,631.8,712,722.36,519.38,588.01,478.51,514.01,460.12,521.5,1023.7,1040.1,1172.4,1250.5,759.16,767.3,1260.6,1384.6,1250.7,1337.6,1199.9,945.48,654.39,578.25,794.93,927.15,1131,1204.4,1013.2,1136.7,757.94,891.9,1003.3,1080.3,966.8,971.58,891.28,972.26,454.35,509.01,490.82,568.33,499.69,552.27,528.56,560.66,611.1,720.57,676.53,816.08,461.77,567.61,836.12,953.43,493.31,556.94,606.05,631.46
699,809.96,645.38,687.29,436.22,467.27,598.91,652.01,457.66,504.08,468.1,629.84,388.49,564.11,434.39,518.53,605.31,721.3,697.71,733.76,419.53,453.12,552.62,602.59,428.97,445.55,426.94,436.33,500.1,612.08,456.09,490.9,639.23,632.2,714.36,724.56,517.74,582.72,473.95,511.06,459.92,520.1,1021.4,1039.1,1170.6,1247.4,757.85,766.04,1257.9,1383.5,1248.4,1334.7,1196.7,938.71,650.05,576.97,795.69,928.14,1130.4,1210.2,1011,1139.3,758.69,897.97,1007,1083.3,966,972.35,892.49,974.58,452.63,509.01,489.69,569.04,491.92,552.08,527.61,559.35,606.4,713.07,674.89,813.91,464.04,571.8,834.52,951.34,490.88,559.11,602.01,630.95
699.24,811.65,642.23,686.89,434.95,462.02,597.79,653.85,457.82,506.9,471.5,633.58,388.92,567.32,438.73,514.02,610.88,723.43,697.96,731.49,428.5,460.12,549.71,603.86,429.14,448.9,420.47,430.6,502.77,616.06,460.03,495.06,643.92,637.7,719.33,729.8,518.4,589.29,479.15,519.2,458.92,528.1,1020.7,1041.9,1171.7,1249.3,760.89,768.54,1258.3,1382.6,1247.8,1330.2,1198.1,937.77,658.98,585.05,795.73,931.26,1138.5,1210.9,1016.3,1150.1,766.28,900.26,1013.5,1086.4,971.7,979.78,891.18,977.03,455.34,510.42,492.86,573.08,498.08,558.2,531.42,561.78,612.3,720.29,679.62,817.44,463.62,560.61,834.96,957.7,491.96,552.11,607.76,635.72
698.32,809.25,644.16,686,437,467.13,598.04,650.62,455.84,503.46,466.73,625.91,385.93,556.24,437.91,518.52,599.26,715.96,699.33,731.89,428.53,458.18,550.89,605.21,432.48,447.81,421.09,428.07,500.78,612.2,456.71,491.69,638.91,632.79,718.12,720.96,519.4,587.98,481.3,521.92,465.15,525,1019.5,1041.5,1172.8,1248.2,762.07,772.14,1258.8,1378.4,1247.1,1331,1192.8,936.65,655.19,584.14,796.52,927.06,1140.3,1206.6,1018.1,1143.4,753.52,892.42,1006.4,1082.2,970.23,975.07,893.58,975.84,448.74,506.23,491.88,567.75,496.14,555,529.46,559.31,608.85,718.79,676.61,811.34,460.98,571.69,836.99,954,494.46,556.94,604.72,634.35
698.99,810.88,639.92,685.47,432.19,464.36,599.1,651.51,459.66,505.43,471.85,628.11,389.65,561.31,437.81,518.71,606.85,718.08,697.39,730.08,426.83,457.24,550.46,602.47,427.9,446.58,421.25,432.09,500.42,613.12,454.84,491.13,641.31,633.29,718.52,721.68,521.55,587.87,476.78,516.18,462.92,521.55,1027.2,1045.4,1178,1252,759.94,770.17,1253.7,1378.7,1246.2,1333.2,1191.8,938.06,657.68,578.26,796.94,931.25,1140.6,1208.9,1019.8,1144.8,765.15,896.66,1011.8,1083.4,973.82,977.53,893.44,977.42,449.99,509.11,492.09,571.15,497.69,555.12,532.77,561.04,613.05,721.5,676.48,813.52,456.85,562.75,839.89,952.5,486.54,554.69,602.5,635.44
704.22,815.31,646.79,690.64,433.78,463.58,602.01,655.43,457.47,510.84,472.69,634.45,392.13,568.91,438.54,517.25,614.25,727.33,701.86,735.94,423.83,452.74,557.05,606.88,430.1,449.64,422.91,430.27,505.86,613.92,462.2,494.8,640.02,634.97,717.39,722.64,523.94,593.94,480.92,521.14,464.77,528.25,1028.3,1046,1179.9,1256,765.1,776.38,1266.4,1389.3,1252.5,1338.3,1192.9,941.46,664.47,585.98,799.19,935.04,1139.5,1216,1015.7,1141.3,759.72,895.21,1008.8,1087.8,975.25,976.95,896.65,979.71,455.06,511.78,494.36,573.54,501.86,558.15,536.32,566.24,617.95,730.36,683.18,818.99,457.19,562.08,837.06,956.06,490.38,553.31,602.12,634.71
702.34,811.4,646.18,691.52,434,465.22,603.78,657.33,460.39,514.43,474.19,639.34,392.16,571.66,441.84,520.29,613.93,733,700.25,734.82,425.93,454.5,556.22,609.49,432.66,455.79,420.41,428.8,505.1,619.37,465.52,497.09,644.93,638.81,720.39,727,519.49,586.56,476.31,518.23,462.85,524.65,1026,1045.1,1178.8,1255.9,765.26,771.09,1261,1385.3,1252.4,1339.9,1206.1,945.4,659.42,581.03,800.3,933.32,1138.1,1206.1,1017.8,1141.6,764.99,899.88,1009.8,1088,976.41,978.04,892.82,971.45,456.27,518.58,494.59,577.43,502.89,559.8,535.73,567.67,618.8,731.29,681.91,820.44,457.66,564.92,839.74,953.18,492.92,556.23,605.97,634.4
705.26,817.97,653.66,687.61,436.05,466.62,608.45,657.48,460.34,512.48,471.77,638.86,393.78,569.07,438.73,519.49,610.54,728.17,705.25,738.06,424.97,447.62,560.58,604.03,432.14,448.61,417.59,429.53,504.59,617.45,459.68,493.69,646.86,640.21,717.64,723.56,519.16,586.85,476.58,519.82,463.73,520.75,1023.6,1040.7,1180.9,1258.1,766.53,775.15,1267.2,1385.4,1254.9,1339.6,1196.2,947.98,664.45,590.21,802.9,936.96,1146.9,1216.1,1021.4,1145.1,762.93,900.35,1006.4,1083,978.01,980.69,897.28,978.42,456.1,514.22,495.49,572.65,499.92,556.2,533.72,563.25,612.85,722.36,679.42,818.91,460.06,565.61,838.44,954.49,492.65,556.71,604.65,639.38
703.64,817.03,651.03,695.22,436.11,464.16,601.73,656.6,460.66,509.57,463.25,639.09,388.95,562.87,440.91,518.71,608.77,731.79,705.46,740.43,434.1,457.12,559.38,613.81,436.1,454.43,420.44,424.22,503.7,618.63,465.82,502.03,650.52,643.75,725.82,733.68,520.69,591.24,480.28,523.1,461.19,530.7,1023.9,1044.6,1185.7,1266,765.92,774.32,1272.4,1399.5,1251.1,1335.8,1209.7,953.38,661.71,588.21,800.31,937.76,1150.5,1214.8,1027.2,1141.9,767.92,915.1,1020.1,1106.2,988.55,990.63,892.22,974.32,459.98,520.23,490.84,573.77,500.44,561.23,533.56,568.65,604.85,732.79,677.7,824.71,459.79,564.94,837.36,954.04,492.38,552.69,613.71,643.37
707.76,817.87,651.28,694.1,440.76,474.38,605.17,656.12,461.89,510.48,471.25,630.23,389.68,561.46,441.86,523.77,610.21,727.43,710.74,745.77,433.37,460.76,559.58,610.22,433.07,452.25,429.81,434.44,504.97,617.39,462.5,499.61,646.62,641.72,717.67,724.36,521.52,590.48,480.19,526.35,464.62,526.55,1027.8,1045.4,1189.7,1264.5,766.57,773.74,1274.8,1394.9,1260.5,1345.3,1198.3,941.75,659.55,583.03,807.82,939.26,1158,1220,1027.1,1138.4,758.35,895.78,1007.2,1088.2,988.82,984.14,910.06,983.94,453.65,515.34,494.29,572.79,500.06,554.48,535.2,565.17,612.25,711.71,677.47,815.46,465.96,575.12,839.1,958.87,493.69,559.43,602,637.01
716.06,830.6,657.77,695.24,439.43,464.8,615.78,664.38,466.79,512.28,473.73,639.75,394.91,568.94,445.51,525.48,609.3,739,716.84,751.24,434.87,462.06,568.49,613.41,440.14,455.3,426.84,433.64,504.69,622.45,474.23,509.61,663.35,653.98,721.58,730.04,524.22,592.65,485.12,522.01,471,531.85,1036.1,1052.4,1188.7,1267.7,773.17,778.85,1279.2,1398.3,1260.7,1343.9,1204.6,945.75,668.81,587.57,821.6,955.59,1195.4,1261.4,1048.7,1174.1,768.32,917.59,1009,1102.8,1006.2,1004.4,919.97,1005.3,459.7,523.56,496.75,580.07,507.44,566.3,539.89,573.85,614.1,729.79,677.77,825.25,470.3,566.02,846.84,962.3,500,555.23,614.84,640.18
706.52,816.27,644.8,692.42,435.03,466.47,597.5,652.37,459.74,512.21,470.85,626.38,389.09,560.49,438.43,520.06,606.58,724.72,705.97,742.76,424,455.85,554.2,604.42,433.03,452.39,420.5,432.84,500.88,617.52,459.62,495.77,642.11,636.43,712.94,721.16,521.58,586.67,475.55,515.6,465.42,520.9,1037.8,1053.6,1184.7,1264.2,766.81,773.4,1268.9,1393.4,1259.5,1345.2,1200.2,946.02,658.66,580.87,806.11,940.89,1148.1,1219.1,1024.3,1138.4,759.14,888.48,1004.4,1081.6,980.74,981.03,906.74,984.03,453.43,511.88,494.5,572.13,503.39,560.33,534.41,565.97,609.45,719.79,676.03,815.47,464.15,565.86,840.49,958.4,492.12,556,599.18,637
706.52,818.53,647.43,688.18,432.3,470.93,602.34,658.41,459.95,522.02,471.48,638.92,392.85,572.45,443.11,520.15,610.52,725.98,704.78,740.27,429.8,461.5,554.63,604.58,428.38,452.58,417.91,428.22,504.05,614.56,462.51,495.46,645.79,636.69,711.33,718.04,525.69,589.74,480.32,518.19,464.23,524.3,1033.7,1045.4,1183.4,1262.8,763.62,767.61,1269.9,1395,1258.5,1345.8,1216.8,946.69,660.25,579.87,807.25,940.74,1158.2,1223,1020.5,1140.5,760.32,896.46,999.08,1082.6,986.29,985.38,903.61,982.23,455.27,511.92,496.52,570.88,507.17,557.95,534.88,564.37,613,721.29,676.66,813.84,460.34,568.49,838.64,957.66,488.85,561.34,609.04,635.07
713.73,821.42,649.39,693.4,441.57,472.36,601.78,656.55,460.74,506.57,467.19,629.62,389.7,560.6,440,515.11,606.06,724.83,708.5,745.15,419.4,452.62,555.66,608.76,428.17,450.63,427.59,439.02,500.03,610.87,459.55,494.09,642.59,634.38,710.18,713.88,518.77,579.59,474.22,514.42,459.04,519.7,1030.9,1040.9,1177.9,1255.8,764.31,766.77,1264,1386.3,1253.7,1335.7,1221.3,943.6,664.11,570.51,815.84,947.94,1149.9,1229.4,1020.5,1140.4,754.3,898.27,1002.9,1077.9,975.73,975.76,909.61,987.52,453.62,511.38,489.73,571.1,496.42,554.55,528.31,559.11,612.3,714.57,675,811.2,461.98,565,839.43,947.82,500.38,551.43,615.98,635.88
713.15,822.09,651.62,697.19,437.43,467.38,603.83,657.47,460.13,504.07,466.85,627.55,391.04,558.5,436.67,514.27,607.42,724.42,711.07,747.53,418.67,441.97,561.27,611.81,428,448.91,423.56,432.76,499.45,610.32,460.72,494.71,645.47,637.71,716.3,721.88,518.1,579.07,469.51,509.96,457.81,514.8,1023.5,1036.9,1174.5,1255.2,764.2,770.48,1264,1389.3,1246.6,1333.3,1203.2,940.9,659.04,577.69,815.14,946.48,1143.6,1231.7,1022.6,1146,752.93,894.25,1001.2,1081.2,977.91,979.52,910.04,987.48,451.78,509.23,491.41,570.92,500.53,555.48,528.72,562.14,623.5,725.64,678.29,817.62,457,564.73,834.78,948.77,492.92,555.51,601.05,635.9
707.97,815.56,647.7,692.23,435.92,468.58,602.77,655.42,462.55,505.74,467.85,626.92,390.62,556.78,436.81,511.28,607.47,722.72,703.57,739.05,421.77,447.59,555.65,609.37,428.03,449.57,423.34,432,500.96,609.36,459.25,491.18,639.67,632.71,713.7,725.16,520.26,587.13,478.07,517.36,458.19,517.4,1024.9,1042,1164.9,1246.3,767.55,776.51,1256.3,1378.7,1241.2,1325.7,1204.3,942.69,666.41,581.36,808.69,941.47,1133.8,1221.3,1009.8,1132.7,756.54,892.14,1000.4,1078,971.67,974.36,899.18,979.71,455.22,511.05,491.11,570.57,493.97,555.73,530.16,561.41,619.1,720.57,679.31,812.77,454.55,555.51,836.51,954.22,486.92,550.06,603.79,641.4
709.25,820.71,647.73,692.44,432.62,460.04,601.38,656.97,462.39,508.21,470.21,632.47,392.75,563.94,440.97,517.19,611.47,732.31,705.97,738.4,435.73,454.35,557.59,608.99,429.83,450.48,415.72,425.33,506.03,620.25,461.33,495.88,645.28,640.89,730.42,742,529.45,593.33,476.43,518.13,461.38,523.4,1020.7,1043.2,1172.7,1251.6,764.8,776.2,1257.8,1382.8,1237.1,1325.3,1191.5,937.62,665.47,583.11,811.37,946.61,1139.7,1229.4,1019.2,1152.7,762.11,905.03,1007.5,1096.5,979.13,988.68,903.47,987.71,460.45,518.9,494.77,581.14,498.47,564.5,537.9,570.43,618.15,732.64,683.39,829.19,456.49,551.98,841.79,958.9,486,545.54,597.42,641.31
705.61,823.2,648.77,690.6,438.05,466.36,604.18,658.92,464.87,503.36,472.48,635.73,394.8,566.26,441.85,515.32,607.65,719.33,703.45,738.63,428.2,454.35,559.96,609,429.45,451.04,423.38,432.96,498.9,609.47,469.01,500.87,644.56,639.26,712.15,720.24,518.4,581.48,477.28,519.87,455.5,522.85,1031.9,1045.7,1180.2,1258.7,764.72,771.05,1267,1386.9,1256.1,1340.3,1225.7,952.83,664.54,580.06,809.42,944.59,1133.4,1226,1011.4,1146.5,758.07,900.06,1002.6,1076.9,974.75,979.29,902.74,990.74,456.08,518.98,490.3,571.44,493.53,555.67,528.95,560.93,612,714.43,674.99,808.96,460.13,561.61,835.42,949.69,489.77,557.74,606.66,640.94
707.76,818.82,650.57,695.94,432.84,464.13,605.73,656.77,460.18,505.85,466.54,626.67,390.76,559.65,440.37,515.55,606.64,720.61,710.76,745.25,433.67,454.32,564.72,612.01,426.59,450.46,420.41,429.53,500.64,612.89,461.47,495.09,642.36,635.43,718.39,723.4,524.92,592.29,476.18,520.61,463.38,526.25,1019.8,1038.3,1167.9,1246.9,764.71,775.1,1258.5,1376.1,1240.9,1321.7,1205.2,950.65,665.38,581.56,810.15,939.67,1131,1223.3,1012.6,1140.1,756.51,890.03,1001.6,1076.1,970.56,975.2,898.65,989.42,452.59,513.49,493.07,576.39,497.39,561.25,534.27,567.24,620.95,727.29,675.61,815.78,455.6,553.88,831,951.98,489.15,553.83,599.42,641.33
705.66,819.92,653.09,697.55,442.59,471.98,604.29,657,469,513.56,467.19,633.83,386.38,567.66,443.26,520.71,606.6,729.34,708.23,744.72,428.23,450.32,564.31,613.46,433.76,460.87,424.12,435.24,502.95,614.7,466.82,498.64,639.65,635.58,715.15,718.48,520.29,585.83,477.15,516.66,462.69,521.85,1024.6,1039,1185.8,1261.9,765.88,773.08,1269.6,1392.3,1252.9,1335.9,1203.1,946,664.63,582.98,806.53,940.53,1133.1,1220.3,1014.7,1137.4,753.62,892.66,1004.5,1076.9,969.39,975.41,897.53,980.58,458.65,517.26,493.79,578.26,501.06,558.95,533.52,563.59,614.05,723.86,677.33,817.4,459.19,563.75,839.12,955.12,498.81,561.43,606.12,643.26
708.32,818.94,649.53,692.2,438.22,465.69,604.24,655.73,462.21,503.08,472.87,630.78,392.38,560.43,437.3,513.11,606.2,727.12,710.04,743.64,419.1,446.94,559.77,609.13,429.76,450.07,424,433.56,501.82,609.79,462.29,498.57,643.02,636.49,709.61,713.72,519.53,585.19,471.77,514.66,461,513.45,1025.8,1039.2,1172.6,1252.1,764.71,774.15,1259.2,1379.5,1247.9,1333.3,1210.8,944.17,659.77,580.11,807.69,942.74,1133.9,1226.5,1012.2,1139.5,761.87,896.78,1003.3,1078.4,970.01,975,900.29,984.42,454.76,514.23,492.93,571.94,495.42,553.75,532.23,562.42,614.25,721.86,676.89,813.65,456.83,562.16,835.6,953.01,497.73,559.57,603.7,644.46
705.69,818.03,647.53,695.08,436.3,465.64,602.6,655.17,459.39,500.48,469.13,629.09,391.15,561.81,437.72,512.16,608.56,723.22,702.34,740.72,424.3,441.5,558.7,612.5,425.66,449.01,422.84,431.76,501.46,611.07,461.09,495.49,639.92,634.79,713.52,717.96,516.74,581.36,472.72,508.49,459.5,519.7,1019.8,1033.3,1168.8,1247.7,760.85,770.76,1257.1,1378.1,1239.8,1326.6,1200.8,945.19,663.77,581.24,806.63,939.68,1131.2,1222.6,1012.3,1136.2,759.96,893.06,999.87,1078.3,969,972.92,898.67,981.65,453.43,511.31,491.19,572.19,497.33,556.05,530.91,562.92,615.8,718.29,678.99,816.65,456.28,561.04,836.95,948.98,487.08,554.97,601.87,642.02
705.91,818.82,646.57,689.01,440.3,468.07,603.51,652.86,459.95,497.75,473.94,630.17,394.09,558.46,436.72,515.73,607.04,723.55,704.01,739.32,419.9,447.56,555.24,604.51,428,446.18,425.34,436.64,497.93,610.96,459.01,493.93,644.16,637.01,712.45,721,519.06,583.89,471.81,516.11,456.96,509.1,1022.6,1036.7,1168.8,1244.5,760.19,769.85,1255.2,1377,1239.3,1328.5,1205.7,943.04,659.86,578.03,806.45,941.45,1134.3,1222,1013.8,1141.2,766.03,901.26,1003.7,1078.6,969.53,974.47,898.74,983.52,452.88,510.16,490.76,570.33,493.97,556.95,532.69,560.83,611.2,724.71,677.79,813.14,460.11,569.82,834.57,949.08,490.85,556.69,601.3,639.21
707.79,819.33,647.98,688.56,436.89,466.29,605.85,657.22,462.58,505.08,470.71,626.89,390.91,558.41,434.74,506.19,607.62,722.01,703.67,740.75,415.57,437.26,559.57,606.55,427.03,454.52,422.81,431.44,497.54,611.08,461.28,496,641.28,632.6,713.18,714.76,514.75,578.92,467.8,505.63,454.96,512.5,1021.6,1029.2,1168,1248.7,754.73,765.05,1259.4,1380.1,1242.7,1324.4,1207.9,941.69,655.8,573.77,809.91,941.27,1130.8,1219.8,1013.3,1140.3,751.01,890.22,999.11,1075.1,967.48,974.63,901.65,986.19,450.31,510.78,486.49,568.63,494.67,553.88,527.92,558.87,612.7,720.29,674.71,816.43,451.43,553.94,829.41,944.8,486.65,552.34,599.29,638.25
708.25,816.84,644.98,693.16,435.62,468.09,601.4,654.87,461,501.11,467,623.52,387.97,554.84,432.83,506.1,607.77,719.74,704.28,739.96,417.2,439.09,557.7,611.54,425.72,447.31,424.25,438.51,497.39,606.57,456.72,491.36,638.4,630.4,707.24,717.16,514.88,579.34,468.76,510.6,457.88,516.7,1015.8,1029.7,1167.5,1243.8,754.45,766.95,1253.4,1374,1238.6,1322.5,1198.2,941.17,657.01,577.54,808.25,940.42,1123.3,1211.9,1007.5,1133.7,753.42,891.33,999.79,1072.8,964.64,969.91,898.76,983.16,448.72,505.95,486.45,564.88,492.44,551,528.74,558.42,613.85,722.43,675.7,812.62,453.32,559.71,829.28,944.04,488.5,552.11,595.67,639.99
706.5,813.03,647.33,691.89,441.86,465.56,602.28,653.56,460.34,504.69,466.92,624.11,385.98,555.09,432.55,506.4,605.28,720.91,704.88,740.01,418.07,445.76,556.74,610.09,426.79,449.81,423.75,435.6,497.88,608.84,458.3,493.49,639.98,632.59,711.03,716.64,516.78,580.68,469.86,511.61,456.08,514.95,1018.4,1030.1,1167.8,1244.9,756.56,767.26,1253.1,1370.7,1242.3,1324.3,1208,942.58,659.4,576.8,804.84,936.22,1127.4,1217.2,1012,1137.7,756.48,890.83,999.38,1073.9,967.57,972.35,898.33,982.26,450.22,507.19,485.27,566.06,494.28,550.7,528.78,558.42,609,723.5,674.86,814.82,454.6,559.43,829.61,944.3,486.65,553.89,599.97,639.67
706.47,815.2,647.25,691.55,439.27,471.36,604.07,656.63,465.05,505.36,471.94,628.64,389.67,559.86,434.98,508.34,606.28,722.96,702.29,738.04,420.13,442.5,558.76,610.53,429.41,451.3,425.25,436.87,497.57,608.27,458.96,495.05,641.24,633.69,711.94,723.08,522.75,588.43,474.99,516.95,458.19,512.3,1016.9,1032.2,1167.8,1244.2,758.6,773.39,1252.2,1370.9,1238.1,1319.5,1193.4,940.88,664.59,586.68,804.11,938.22,1131.4,1223.8,1009.5,1139.6,758.75,895.34,1003.9,1077.5,970.76,976.4,900.6,986.16,451.97,507.97,488.84,567.31,497.17,551.98,531.18,558.55,616.35,719.57,676.17,813.83,459.15,560.37,834.92,947.93,486.88,551.14,597.29,649.44
705.7,817.72,650.03,691.41,440.19,470.42,607.49,660.07,472.53,515.84,472.6,637.7,394.4,567.82,442.52,518.79,609.4,733.88,704.48,738.88,426.93,449.85,561.6,607.47,435.59,456.96,426.41,435.58,503.86,617.28,464.16,498.76,643.29,637.26,716.7,729.16,521.69,585.76,474.7,516.04,463.04,525.15,1022.9,1036.7,1169.5,1246.5,761.47,771.54,1258.1,1375.9,1250.7,1328.7,1215.2,943.94,668.41,583.28,804.4,939.71,1130.6,1227,1013.6,1145,757.24,900.75,1004,1082.4,972.14,976.74,901.01,987.06,455.02,514.69,491.89,574.61,502.03,559,533.26,565.69,616.9,736.86,674.17,822.05,456.36,552.88,832.67,947.77,489.92,548.97,604.76,642.65
704.56,815.94,652.11,692.87,439.19,470.27,607.27,660.16,465.34,507.05,470.19,626.36,392.13,558.9,436.78,507.92,608.9,721.01,705.65,739.91,421.3,440.85,567.27,610,428.17,449.84,423.12,434.71,501.45,609.28,460.23,496.57,642.05,635.99,716.58,719.4,513.34,578.48,471.55,512.75,453.88,507.65,1015.7,1030.3,1164.3,1244.5,757.87,769.39,1254.8,1376.6,1241.3,1324.1,1209.6,946.31,661.3,582.48,800.48,934.24,1133.3,1228.2,1013.1,1140.9,760.66,892.49,1006.8,1080.3,973.75,975.04,900.15,987.29,450.11,508.64,488.81,565.01,494.86,555.6,528.55,558.99,608.95,720.71,676.29,814.17,454.45,555.8,834.73,943.28,492.58,552.94,599.09,642.24
703,812.76,645.88,691.85,436.59,466.87,601.46,652.78,462.79,502.75,467.85,622.19,386.3,555.49,434.73,506.81,605.8,720.97,702.41,736.23,417.5,443.06,554.98,607.97,425.97,448.66,423.06,431.24,498.15,610.96,457.23,494.1,640.3,632.91,715.58,721.2,517.21,583.55,475.3,516.61,457.54,514.45,1015.2,1029.8,1164.5,1240.8,757.75,772.72,1250.8,1371.3,1235,1317.7,1198.1,938.06,663.84,584.83,801.11,933.62,1129.5,1221.7,1010.1,1138.5,759.18,891.34,1003,1075.8,969.63,972.55,900.06,980.55,452.46,508.57,489.93,570.01,493.94,553.92,529.99,561.54,614.15,726.29,677.6,815.99,451.66,552.33,832.11,944.53,491.23,550.2,598.6,645.42
706.68,814.95,648.09,695.21,440.24,466.51,603.38,655.34,462.34,502.49,467.96,628.22,389.99,555.2,434.6,509.77,606.07,722.18,706.25,741.8,421.8,442.94,560.75,610.72,427.52,451.52,427.28,430.96,499.03,610.42,458.33,491.47,642.99,634.94,713.88,723.16,520.09,585.12,471,512.47,462.69,514.3,1022,1038.5,1171.3,1247.9,756.96,770.9,1256.7,1382.1,1241.8,1327,1202.2,942.67,658.72,580.41,803.76,938.76,1130.6,1224.2,1010.8,1141.9,757.85,892.74,1002.5,1077.3,969.52,974.63,904.68,988.81,453.45,508.99,487.83,569.86,498.78,554.4,530.35,561.01,608.5,719,677.89,817.54,462,562.39,835.17,947.95,491.15,556.77,599.61,638.75
709.35,816.97,647.87,692.53,443.27,471.84,603.96,654.74,464.58,505.03,468.67,625.98,390.98,556.19,436.14,509.42,609.68,724.34,707.26,739.88,416.9,440.21,557.59,609.27,427.66,449.51,428.53,437.69,499.89,608.69,458.09,492.31,640.17,634.63,716,721.12,519.55,581.99,473.41,514.34,457.88,515.6,1022.2,1035.8,1171.1,1249.4,758.88,772.68,1255,1377.4,1240.9,1326.3,1202.1,946.15,659.88,578.72,805.87,936.65,1128.4,1223.9,1011.3,1139.9,760.24,895.31,1003.6,1079.4,971.78,974.18,900.96,985.32,452.34,508,488.82,568.36,500.03,555.67,528.66,561.82,612.25,719.71,678.37,814.22,457.66,561.63,834.36,946.36,491.42,557.74,597.91,643.11
705.09,815.22,648.87,696.91,440.78,470.22,603.46,657.05,460.66,503.44,464.75,626.89,387.82,557.41,435.19,508.83,606.01,723.29,707.16,742.05,419.17,443.85,562.39,611.69,429.55,448.9,423.88,435.58,497.99,611.42,459.26,495.69,643.47,635.85,715.79,721.12,522.44,585.96,472.58,512.55,460.77,515.6,1023.1,1037.5,1173,1251.5,758.56,770.98,1254.7,1381,1244,1328.3,1204,945.27,662.35,581.63,804.98,936.1,1132.4,1223.5,1014.5,1141.7,758.55,894.25,1002.4,1079.1,971.73,976.22,900.14,986.26,451.55,507.34,488.64,565.43,495.75,553.48,531.6,560.3,612.6,720.29,676.53,815.57,458,561.57,835.71,947.58,488.42,553.2,601.53,641.45
707,817.22,647.73,691.58,438.24,466.22,603.68,655.49,464.39,504.82,470.81,627.48,391.76,557.53,438.47,511.13,608.67,723.17,706.32,740.99,422.3,449,557.05,608.01,428.59,449.28,425.66,436.78,498.4,610.78,459.03,492.98,641.86,634.94,716.82,725.56,526.7,587.84,474.78,514.33,463.35,520.75,1021.6,1037.7,1167.9,1247.9,759.82,772.01,1252.1,1377.2,1238.2,1324.1,1202.4,941.83,660.65,579.83,804.64,935.35,1133.4,1226.9,1015.1,1140.2,760.92,896.22,1003.4,1077.7,972.48,977.05,903.43,981.29,453,508.11,489.51,569.53,498.61,557.75,532.07,562.52,618,721.79,677.97,816.06,458.19,556,836.61,949.04,485.77,553.6,601.02,642.72
704.58,816.88,648.8,696.6,438.22,467.13,605.38,659.49,461.53,503.25,467.6,627.41,390.3,560.32,437.17,510.42,606.56,722.8,705.16,739.76,424.77,445.68,561.51,616.36,430,450.51,423.78,433.16,500.42,611.1,460.7,496.53,643.26,635.97,717.94,725.6,526.83,593.81,479.77,521.64,460.54,521.2,1019.9,1039.5,1170,1246.1,761.7,776.42,1253.3,1375,1240.4,1323.5,1203.6,940.58,666.94,586.49,802.13,936.99,1136.7,1234.7,1015.8,1143.4,763.27,897.89,1004.7,1077,975.52,980.34,899.31,984.9,452.22,508.27,486.84,567.46,494.36,556.33,530.88,561.08,619.15,719.43,677.78,815.83,450.19,549.27,834.96,956.24,491.42,549.8,604.49,643.63
706.12,815.3,651.01,695.47,442.86,471.98,608.04,659.43,470.66,514.48,471.94,637.58,391.59,567.22,443.17,515.35,613.4,736.39,704.5,735.8,424.77,446.38,564.3,615.77,435.52,461.28,425.91,436.11,502.94,617.64,468.76,502.62,644.58,638.61,723.91,732.88,517.14,582.07,474.61,518.96,455.27,520.75,1017.6,1035.6,1167.5,1248.4,758.13,771.58,1252.1,1374.5,1241.7,1324.8,1208.6,938.31,662.2,582.32,801.14,932.56,1133.4,1223.9,1017,1141.1,763.82,903.31,1007.1,1087.5,973.78,979.15,894.51,982.13,457.91,518.11,491.86,572.86,500.11,561.5,534.67,565.97,624.6,735.36,681.81,824.05,457.38,560.94,831.95,945.57,493.08,557.46,604.15,643.41
705.87,816.05,649.27,695.04,435.49,461.82,607.37,658.36,465,505.89,472.83,626.5,389.27,557.52,439.56,512.04,607.27,725.81,706.87,741.92,427,443.29,563.8,611.4,427.76,452.58,427.12,431.58,501.72,610.7,460.37,496.73,642.33,635.83,725.7,728.2,521.23,584.58,470.69,510.75,459.12,515.15,1019.5,1037.7,1168.4,1246.7,759.55,770.49,1255.9,1380.1,1241.3,1327.9,1206.9,943.27,661.23,579.15,801.34,934.85,1133.8,1227.1,1015.2,1140.3,758.82,892.76,1004.7,1081.4,975.2,977.73,901.81,989.23,450.76,509.44,490.43,571.14,497.08,559.77,532.61,564.85,617.05,728.36,676.77,816.47,455.02,554.67,831.9,945.25,490.27,552.11,600.67,639.02
706.87,818.71,650.48,700.9,441.32,469.78,603.87,658.94,463.71,505.11,467.02,625.88,386.45,556.49,437.52,511.71,612.93,724.61,708.75,745.39,421.3,445.26,562.29,619.73,430.17,453.1,427.19,439.56,500.9,610.72,462.01,497.82,645.78,639.7,716.45,722,519.61,581.09,475.32,515.23,457.19,517.35,1018.3,1036.3,1168.6,1245.7,760.84,772.07,1254.5,1375.3,1242,1324.8,1202.3,941.35,659.91,581.62,803.82,937.78,1140.1,1230,1016.6,1147.5,763.82,899.98,1006.6,1085,976.22,982.11,901.57,986.32,453.37,513.86,490.81,571.53,495.39,558.92,531.21,562.42,615.35,725.07,678.73,816.25,456.79,562.04,832.55,944.33,491.77,552.83,601.14,643.82
707.53,824.16,649.63,693.1,439.73,470.09,604.89,657.65,463.74,506.72,473,629.38,392.85,562.37,439.51,508.62,610.78,723.03,708.29,743.79,417.5,443.15,559.42,607.55,430.62,453.55,425.97,434.89,501.73,611.04,463.62,496.74,646.77,639.25,717.88,719.68,519.64,583.22,471.65,514.81,460.31,513.95,1023.8,1041.3,1176.6,1252.1,762.43,772.29,1258.4,1380.7,1249.2,1336.2,1207.4,945.23,660.79,581.3,805.99,940.72,1137.7,1233.3,1019.2,1145,763.01,898.79,1002.2,1076.1,976.76,980.01,906.5,990.84,455.38,511.06,491.64,571.15,498.47,558.15,532.13,563.16,614.15,727.79,680.34,818.93,451.77,561.06,835.07,945.89,488.65,557.74,601.27,642.47
709.21,819.06,648.83,693.74,438.92,467.76,605.99,656.57,465.32,503.84,470.19,627.91,389.85,557.6,438.61,509.44,605.81,725.24,707.73,745.25,421.07,448.09,559.57,609.27,428.03,451.09,421.88,433.8,498.45,610.96,459.23,494.17,644.73,635.89,716.15,721.72,521.13,588.28,476.82,517.55,460.23,517.7,1021.2,1034.7,1170.7,1248.3,761.7,772.93,1260,1378.7,1243.8,1327.6,1202.7,941.17,662.2,581.37,804.8,939.05,1139.3,1229.2,1017.6,1139.8,759.2,898.13,1003.1,1076.8,976.14,980.35,907.38,985.42,453.6,509.24,492.56,571.69,496.25,561.15,531.44,561.92,609.75,716.86,675.8,815.52,461.74,561.49,831.42,944.3,486.31,552.17,600.24,642.78
703.53,817.38,643.69,688.91,437.84,469.38,600.95,655.42,458.97,496.72,470.88,626.81,386.98,555.9,432.23,508.39,611.15,724.83,702.27,738.12,419.87,441.76,555.29,606.64,428.21,448.54,430.19,438.51,500.08,610.77,457.81,494.17,642.67,635.76,730.21,739.48,523.17,589.17,475.03,517.04,462.12,515.6,1029.3,1048.9,1185,1259.2,767.38,780.33,1264.2,1378.2,1248.3,1333.1,1201,947.44,668.22,585.26,803.15,935.91,1139.2,1227.2,1016.5,1138.2,763.15,898.84,1005.4,1080.9,980.22,984.77,902.62,985.35,450.43,509.57,489.26,569.87,501.86,558.2,535.12,566.46,613.9,725,682.96,821.54,455,558.33,846.52,955.18,489.04,553.66,601.49,649.3
708.26,821.6,653.17,692,441.89,462.93,610.75,659.21,483.29,514.46,473.98,640.28,391.15,567.13,453.22,516.02,620.49,753.44,710.88,743.89,430.5,447.24,566.46,608.81,449.41,472.12,425.47,436.36,514.75,629.85,469.06,503,649.27,642.38,744,751.16,522.55,585.76,480.47,516.96,460.58,518.2,1020.5,1038.7,1182.7,1258.6,765.83,778.08,1268,1388.2,1249,1329.2,1206.2,946.48,669.11,585.92,805.9,940.29,1141.7,1230.6,1018.4,1143.4,769.32,910.04,1011.9,1103.7,983.89,989.35,905.28,987.48,464.32,529.86,503.66,587.86,511.53,571.98,544.54,579.5,632.15,748,695.51,841.06,462.09,557.39,841.51,945.52,486.35,552,602.19,645.55
715.03,830.94,658.17,703.05,442.22,464.73,619.75,670.29,470.92,508.3,474.81,632.2,390.34,565.48,438.76,514.08,620.36,739.76,722.78,759.81,429.03,452.32,577.77,621.01,435.17,458.12,427.31,432.22,507.03,620.3,471.72,507.85,657.07,649.86,729.18,727,519.53,582.11,478.91,521.39,461.08,520.85,1026,1039.1,1174.9,1254.9,763.14,775.08,1268,1387.5,1252.9,1337.1,1219.2,947.4,667.58,582.95,813.13,947.42,1158.6,1250.5,1027.3,1150.8,764,908.65,1011.8,1092.9,989.28,992.56,915.92,997.97,461.95,527.66,495.44,578.15,502.25,558.67,533.74,566.41,606.45,715.29,679.29,815.88,463.81,554.06,836.07,949.4,496.96,550.74,607.11,646.78
705.5,815.67,651.27,700.28,447.22,470.91,603.19,657.81,467.24,507.08,464.56,627.97,384.31,553.31,439.85,514.84,612.98,732.37,708.42,747.34,427.57,449.18,565.29,620.38,437.83,459.1,428.12,434.64,503.76,616.81,469.62,504.29,648.63,642.65,723.45,729.76,518.38,583.79,474.69,518.66,465.5,520.3,1025,1042,1172.4,1249.4,763.89,777.2,1268.9,1378.1,1244.3,1326.5,1209.3,949.19,663.15,580.99,806.02,937.07,1143.1,1223.9,1021.5,1146.1,763.18,899.48,1013,1090,980.61,986.62,906.28,985.52,459.52,520.91,496.1,577.51,500.11,561.4,537.4,569.33,615.1,726.36,679.79,817.16,462.94,556.9,839.22,947.77,491.54,559.11,607.57,647.78
711.51,824.88,652.98,696.32,441.54,470.31,606.54,660.62,465.21,502.23,476.63,636.66,394.32,565.02,439.94,512.31,616.26,729.44,709.5,747.25,423.63,448.65,562,612.04,432.38,454.78,425.91,437.47,504.29,614,467.48,501.65,652.96,642.54,719.58,727.48,521.58,587.04,474.59,514.9,461.77,529.6,1031.6,1044.8,1181.6,1259.8,762.84,773.47,1270.1,1388.5,1252.9,1339.4,1207.5,942.88,659.08,575.59,810.47,946.42,1151.1,1235.9,1023.9,1153.1,768.79,905.71,1010,1085.9,985.11,988.28,907.1,994.9,462.74,521.99,494.03,575.03,498.44,561.4,534.87,568.66,615,721.86,680.92,819.55,460.21,563.41,836.34,949.47,491.96,555.66,599.41,636.67
710.64,818.99,652.27,693.57,438.65,469.02,605.88,653.13,458.55,500.2,469.67,627.31,388.39,555.65,433.76,509.09,613.43,725,711.28,745.91,417.23,445.18,558.37,609.12,426.31,445.27,426.62,436.87,498.38,611.15,458.93,493.57,645.92,635.71,713.15,714.24,519.01,583.27,474,516.47,453.73,516.45,1029.2,1042.3,1177.5,1254.1,763.45,773.83,1264.9,1383.3,1248.5,1336.6,1209,945.69,663.18,581.76,808.71,940.66,1141.9,1229.6,1014.4,1138.3,759.48,896.5,1003.9,1077.2,979.29,980.95,910.25,986.13,452.78,508.11,490.28,572.14,494.31,555.85,527.97,559.18,610.15,723.36,677.22,813.93,456,562.67,833.91,946.86,490.73,555.66,603.38,644.55
708.75,822.17,648.08,694.65,440.95,465.4,604.04,655.91,462.18,500.16,470.67,626.19,387.61,557.47,435.39,508.65,611.36,729.24,709.05,745.73,418.87,442.35,558.83,607.64,428.79,447.4,426.88,439.24,501.04,612.52,459.52,494.85,646.55,637.04,716.58,724.32,523.57,586.65,475.34,513.95,458.38,515.7,1020.1,1038,1170.4,1245.9,762.38,773.33,1258.3,1375.8,1240.2,1327.9,1200.7,941.31,662.49,579.77,808.03,941.88,1142.8,1230.2,1017,1140.5,760.62,900.38,1003.9,1073.5,979.5,979.98,905.24,985.65,453.43,509.01,491.12,571.78,496.22,557.5,533.24,561.75,614.95,726.43,677.84,815.89,457.17,560.73,833.41,945.15,486.38,559,598.28,639.99
709.07,817.43,650.85,693.07,441.65,468.91,604.33,653.29,462.18,506.28,464.87,629.11,386.65,564.72,433.2,511.12,602.52,733.87,708.13,741.72,418.97,446.32,560.21,609.78,427.38,449.33,427.06,438.71,496.84,616.18,458.82,492.51,644.11,634.56,710.85,718.44,512.71,583.39,471.03,515.59,451.92,516.4,1036.1,1044.6,1188.1,1259.9,766.66,772.17,1276.3,1389.9,1263.8,1336,1216.9,948.31,665.5,581.62,806.49,940.33,1137.9,1226.2,1015.9,1137.5,754.89,903.13,999.36,1075,977.82,975.83,899.86,982.19,448.72,509.4,486.45,575.12,491.89,555.65,522.1,558.69,606.15,721.93,671.43,824.44,464.57,550.59,839.71,948.98,496,548.74,616.08,646.56
710.7,821.28,650.42,695.02,439.27,471.11,603.27,657.25,460.11,505.34,471.77,626.56,391.36,558.1,439.53,511.65,610.8,725.85,707.73,745.16,419.97,445.35,557.16,612.12,430.45,450.84,426.41,435.42,500.04,610.04,461.82,496.47,645.79,638.33,717.39,724.68,524.71,589.55,480.85,520.37,459.27,520.25,1030.4,1044.2,1180.6,1257.5,772.6,783.11,1266.5,1381.4,1248.4,1339.5,1204.6,951.48,668.35,588.65,809.39,942.86,1142.3,1232.8,1015,1143.7,761.03,893.56,1009.1,1084.5,984.15,985.93,906.96,985.68,455.44,509.88,492.27,573.19,496.03,558.5,535.52,566,618.55,724.36,682.63,818.11,455.15,563.51,839.58,952.55,490.08,555.6,603.67,652.12
710.92,825.18,652.18,693.63,437.95,464.53,609.31,658.34,463,507.48,474.27,633.86,393.45,563.24,441.39,514.27,613.64,730.49,709.32,744.46,426.87,446.24,561.85,610.85,429.83,451.99,423.19,430.36,503.5,615.69,462.53,498.55,648.92,641.33,723.52,738.72,529.43,597.6,480.95,519.69,466.77,526.35,1031.9,1050.1,1179.6,1251.9,771.58,779.1,1262.2,1374.6,1244.9,1329.8,1203,941.88,668.59,583.44,807.25,945.1,1145,1239.6,1017.4,1149.9,765.3,899.39,1010,1087.4,990.35,991.46,903.03,985.16,456.82,514.09,493.11,576.78,498.78,566.08,538.49,573.41,621.35,729.64,685.99,827,454.06,553.04,847.22,960.71,482.58,551.91,602.6,643.47
711.33,825.76,648.16,695.01,441.27,472.11,606.26,661.09,462.66,508.21,475.38,636.58,394.59,566.65,437.45,511.88,613.79,725.36,706.78,744.94,421.9,444.41,560.05,613.15,431.97,455.64,428.81,437.49,500.84,611.29,468.42,502.86,650.83,645.63,722.64,724.56,520.69,585.4,478.18,521.14,459.85,518.85,1030.6,1044.2,1181.5,1257,767.76,778.81,1263.6,1382.2,1250,1336.6,1204.8,950.75,669.86,590.94,807.85,945.2,1149.3,1240.5,1019.8,1155.4,766.37,903.92,1015.4,1090,990.12,993.51,905.21,990.03,457,519.42,491.21,572.54,495.39,554.58,532.89,563.45,616.65,720.57,679.63,816.45,456.7,566.12,838.97,951.2,495.62,553.37,601.53,650.85
711.58,820.96,652.08,694.09,439.95,467.51,607.52,658.38,467.87,514.66,473.27,632.83,394.02,564.12,445.57,520.36,611.91,729.83,708.16,743.9,427.47,448.97,560.15,610.1,435.03,457.82,427.62,434.33,506.54,617.66,462.61,497.29,645.86,640.94,730.58,737.44,524.32,585.56,478.23,520.7,460.27,520.45,1026.1,1042.4,1180.2,1254.6,768.58,779.44,1260.9,1376.8,1245.6,1328.4,1205.8,951.9,668.32,585.64,806.14,942.76,1140.3,1240,1011.9,1145.5,762.39,893.77,1007.1,1087.4,987.74,989.1,905.47,990.58,457.42,519.94,494.09,582.16,503.5,566.52,537.29,569.44,624.3,734.86,684.68,825.83,458.98,557.75,841.85,952.18,494.73,551.63,602.26,649.17
709.28,825.06,649.56,695.59,442.97,471.47,606.07,658.62,459.82,504.02,472.21,626.56,391.84,557.46,439.05,515,610.27,719.79,709.14,746.28,421,447.74,562.22,612.72,429.28,449.42,430.88,440.69,501.17,610.78,462.96,498.32,648.04,639.39,723.33,723.04,518.29,582.12,475.2,515.39,459.65,516,1031.2,1044.3,1188.7,1263.4,762.32,771.61,1269.9,1384.8,1252.6,1338.2,1219.5,953.35,662.73,578.17,807.18,943.45,1141.1,1236.3,1011.6,1142.8,759.66,893.52,1008.3,1084,986.72,987.61,904.17,990.9,450.76,510.72,491.39,571.3,498.17,557.23,529.97,561.48,612.95,716.5,678.9,816.56,458.47,564.39,837.35,950.7,495.42,557.77,604.36,643.56
711.84,820.7,652.22,695.78,436.11,467.82,605.18,656.78,460.5,505.07,470.48,626.41,389.77,559.07,436.54,510.5,607.36,725.19,708.89,744.49,420.37,443.5,561.62,611.21,430.34,451.37,421.97,435.18,501.1,609.77,460.33,493.39,642.45,636.78,715.82,722.08,525.08,587.44,474.07,514.51,461.15,521.45,1027.8,1041.3,1186.8,1259.8,766.84,774.65,1269,1382,1254.7,1335.9,1210.4,951.54,667.43,584.02,807.46,941.96,1133.6,1229.8,1012.9,1140.8,756.27,894.44,1006.6,1078.6,980.66,980.27,904.36,983.45,453.08,509.78,491.64,573.01,498.31,555.52,533.08,562.93,617.7,726.21,678.19,816.21,455.28,561.51,837.03,949.83,487.85,555.51,604.17,647.28
708.45,819.39,647.94,690.99,439.03,466.71,603.09,654.87,459.24,501.13,473.17,624.94,390.77,558.86,435.91,509.7,606.68,721.96,704.02,738.69,419.2,438.88,557.91,609.15,429.14,447.19,424.12,434.31,501.25,608.18,459.09,493.69,644.05,636.89,717.73,724.28,523.19,583.44,472.53,511.24,457.69,518.4,1022.4,1036.7,1175.5,1250.4,763.64,767.95,1260.8,1375.5,1247.6,1331.6,1212,951.27,662,578.69,806.96,939.4,1132.6,1225.1,1013.4,1137.9,761.59,895.17,1005.1,1076.5,976.87,977.28,896.57,980.58,452.87,508.97,491.7,572.81,496.42,555.45,532.42,563.65,614.95,728.86,680.55,817.97,454.45,561.86,838.3,949.76,486.54,557.49,602.14,642.02
711.45,821.44,649.71,692.59,437.24,466.96,605.19,656.22,457.95,502.84,472.6,630.91,391.16,559.61,437.9,508.63,606.37,724.42,704.3,738,416.33,439.85,559.27,608.54,427.21,449.43,427.38,433.53,499.93,609.62,460.57,496.33,644.28,637.06,718.15,723.2,521.44,585.72,479.38,520.58,458.46,512.8,1018.8,1036,1175.6,1247.4,769.67,779.51,1259.8,1374.5,1244.2,1328.3,1198.3,948.23,673.61,591.52,807.22,940.78,1137.8,1227.6,1019.4,1145,762.86,895.19,1003.3,1077.1,978.07,977.28,893.58,981.58,455.05,508.84,491.36,569.42,498.22,555.88,533.58,561.41,615.8,724.93,678.65,815.46,450.15,556.96,838.02,949.5,485.35,552.23,603.69,654.93
709.61,825.88,648.54,689.86,440.32,467.91,606.86,658.73,466.84,508.2,480.29,636.86,393.66,566.93,435.39,511.64,614.15,736.33,703.52,738.05,420.83,447.12,561.05,606.29,431.55,454.52,425.44,432.42,502.91,613.27,468.46,502.95,651.36,644.64,722.91,729.92,519,583.2,472.46,513.94,457.19,516.65,1023.6,1039.7,1174.9,1251,763.83,774.2,1260.9,1378.1,1247.4,1331,1211.8,953.08,664.58,585.27,809.1,944.33,1144.5,1230.8,1021.7,1156.4,768.99,908.73,1017.8,1094.9,984.43,989.16,894.9,990.29,459.63,522.75,491.45,574.95,497.58,558.55,534.54,564.73,613.85,723.36,680.39,816.52,457.49,556.24,838.25,949.94,491.85,547.77,602.66,649.04
709.82,819.44,649.61,689,437.7,464.24,605.4,653.2,459.55,499.82,471.29,622.7,389.72,551.82,436.46,507.63,604.62,719.84,705.87,738.72,417.77,443.97,557.94,606.74,426.17,446.15,423.47,436.11,497.32,607.6,457.13,491.75,642.77,637.76,712.21,718.72,523.08,589.91,480.68,522.48,461.27,520.55,1020.2,1039.2,1168.9,1247.6,768.87,784.31,1258,1376.4,1245.4,1329.4,1205.3,948.54,672.04,590.22,805.78,936.4,1139.1,1228.6,1016.8,1140.5,759.04,890.17,1003.4,1074.7,975.76,975.94,897.42,985.29,450.02,508.31,488.11,567.73,493.92,550.12,528.86,559.14,609.55,714.5,672.95,807.14,457.09,554.96,838.11,954.99,487.19,551.09,605.67,653.84
707.15,816.49,646.38,690.65,440.05,470.29,603.61,651.36,460.24,498.7,469.13,621.34,390.39,558.18,434.84,511.49,604.58,719.83,700.83,733.09,420.33,446.59,556.91,604.63,424.55,447.36,427.16,437.29,497.08,607.78,456.41,491.31,639.78,633.52,716.24,719.64,519.31,585.43,481.84,521.65,457.62,518.3,1016.6,1033.7,1170.6,1248.1,762.41,775.63,1256.6,1374.2,1245.4,1329.8,1202.2,950.44,666.66,586.33,805.56,934.33,1134.8,1221,1015.3,1138.4,759.97,892.89,1001.4,1074,972.03,972.53,893.94,978.77,449.34,507.11,490.52,568.26,495.22,552.55,530.03,557.97,612.1,715.14,675.65,811.21,455.06,561.76,836.62,951.98,498.27,559.69,605.97,655.54
711.57,823.4,651.42,693.81,439.19,467.58,609.71,656.48,466.58,510.02,472.83,623.53,392.76,565.03,439.99,513.64,609.44,720.04,709.4,744.44,422.2,449.35,559.86,605.14,426.9,450.99,421.28,433.69,501.24,609.69,461.77,496.18,640.56,633.11,708.06,713.96,519.21,586.96,475.61,520.06,458,520.2,1026.7,1042.8,1173.7,1253.9,762.57,772.11,1262.3,1385,1245.4,1333,1198.2,938.83,659.71,581.68,814.69,949.43,1135.9,1227.2,1012.2,1138.7,758.55,891.06,999.99,1070.3,970.58,974.29,912.03,993.29,454.16,512.58,491.35,570.07,494.94,553.75,529.3,561.93,611.85,722.93,675.11,811.72,457.47,561.08,831.21,948.57,487.08,553.86,597.81,643.6
710.17,818.56,647.61,689.29,432.92,461.53,601.96,653.27,457.47,506.75,473.52,627.91,391.43,564.21,437.3,512.41,611.58,723.09,703.49,740.89,423.4,441.79,555.51,608.19,428.52,450.66,419.94,433.76,502.01,607.71,458.95,494.14,640.08,633.09,708.73,718.88,519.51,579.94,473.53,515.14,461.42,516.6,1026.5,1038.9,1173.3,1255.6,763.75,772.42,1260.6,1388.3,1246.5,1330.8,1207.4,952,661.28,581.87,813.39,947.3,1133.9,1218.7,1012,1136.8,761.79,892.34,1005.3,1071.5,968.65,971.11,904.49,988.71,452.33,510.05,491.37,568.88,499,554.98,530.8,559.63,616.15,724.79,678.74,816.15,455.09,556.2,832.73,944.54,489.27,553.89,600.63,645.93
710.59,824.2,651.52,694.91,437.32,468.24,606,658.79,460.79,506.44,474.65,629.09,391.04,565.67,435.52,512.51,608.27,721.03,708.36,742.9,427.53,448.91,561.86,608.41,427.07,452.58,426.97,437.6,500.21,608.94,461.75,494.84,645.76,637.2,712.97,722.92,518.6,580.61,473.53,516,455.23,516.85,1025,1039.2,1171.4,1248.3,761.45,770.68,1257.2,1378.3,1240.7,1320.5,1197.8,932.02,659.2,579.09,813.31,952.6,1136.7,1228.3,1012.7,1147.8,765.34,899.65,1011.3,1077.6,975.14,979.91,909.92,996,457.12,513.5,490.64,568.43,492.22,553.33,530.25,560.33,614.7,723,680.82,816.63,459.09,567.39,835.6,945.99,490.15,556.43,598.78,639.17
707.92,818.71,649.65,688.62,439.46,464.53,605.87,655.72,458.55,504.43,473.46,624.05,391.62,561.51,436.84,512.28,607.3,718.58,704.98,741.08,429.63,450.26,561.37,607.68,427.41,448.03,426.62,435.49,498.47,605.94,457.87,493.63,643.83,633.79,713,718.16,521.73,581.64,476.2,519.04,456.92,518.7,1025,1039.1,1171.8,1255,763.2,775.9,1262.5,1387.1,1242.6,1324,1204.7,946.71,664.52,588.02,812.71,945.98,1131,1224.3,1010.6,1131.6,760.79,890.6,1007.2,1071.9,970.43,973.13,905.67,987.84,452.76,505.22,489.21,565.26,495.94,548.48,527.37,556.66,614,726.29,677.72,814.77,458.83,562.2,832.22,947.14,488.46,553.43,598.88,649.46
704.8,818.66,650.61,694.97,440.84,466.91,603.31,655.28,463.03,511.95,471.96,627.91,392.59,563.89,440.16,514.39,610.78,723.67,706.08,740.96,425.57,450,559.57,611.94,429.83,451.91,425.91,433.02,501.75,612.7,460.56,494.24,640.69,634.13,721.39,726.28,523.21,587.38,480.45,523.22,454.85,518.95,1023.3,1040.4,1169.9,1249.1,764.38,774.62,1256.7,1378.3,1240.8,1322.7,1195.2,936.27,665.26,586.05,807.56,944.91,1127.4,1219.8,1010.7,1136.2,763.99,896.17,1005.5,1078.3,971.56,975.18,904.96,985.29,455.77,514.14,492.44,571.63,499.94,557.15,532.52,564.18,623.3,730.5,682.5,818.73,453.02,564.49,835.54,948.66,491.12,552.97,598.67,645.17
705.52,816.44,647.67,687.07,439.62,465.93,602.7,652.62,460.61,506.07,475.58,626.66,392.45,563.36,436.51,512.09,610.7,722,702.13,737.36,423.2,443.79,558.43,607.95,430.17,448.87,425.62,433.33,500.2,609.57,462.28,495.85,644.28,636.65,719.3,724.48,517.27,584.2,472.01,514.46,458.31,513.45,1024.3,1038.9,1166.1,1250.3,761.1,771.59,1253.8,1385,1241.2,1326.2,1208.7,949.88,659.05,578.81,808.05,941.08,1127.8,1221.6,1010.6,1139.3,762,894.07,1007.4,1075.1,969.33,973.39,899.38,984.9,450.78,512.57,489.64,567.51,496,554.42,530.96,560.92,616.95,725.71,680.39,816.37,457.23,563.73,832.81,943.63,492.12,556.4,601.16,642.71
705.68,816.98,649.29,695.77,443.35,472.96,604.25,656.77,461.61,505.79,472.17,624.03,388.46,559.38,436.57,517.15,608.22,719.29,706.38,740.73,424.1,454.15,561.01,609.55,431.52,449.36,432.41,439.73,499.77,609.99,461.72,498.83,643.59,636.4,719.33,725.44,522.73,589.61,482.18,525.49,457.73,524.35,1026.6,1048.6,1166.7,1247.3,773.42,786.73,1256,1381.4,1242.3,1325.8,1202.1,941,669.85,589.17,805.29,942.78,1134.3,1223.3,1012.5,1139.4,762.37,893.98,1008.9,1075.7,971.76,974.82,902.15,988.97,451.54,510.69,486.86,564.14,493,551.73,528.76,556.83,619.95,734,679.76,817.39,456.96,570.8,839.84,953.07,493.92,550.89,604.09,650.4
704.88,816.67,649.99,697.63,439.59,467.96,604.19,660.1,462.05,511.62,474.5,629.11,393.63,564.82,436.81,516.34,615.8,727.29,704.87,738.2,420.57,442.53,564.56,614.54,426.93,452.28,420.91,433.82,504.27,615.69,469.96,502.55,647.43,640.42,732.42,737,520.94,587.46,479.23,520.25,455.92,516.3,1028.1,1047.7,1170.4,1252.6,770.58,785.76,1262,1381.4,1247.7,1328.8,1217.4,953.35,669.77,590.61,807.82,937.82,1134.6,1224.1,1018,1146.1,766.42,897.52,1011.8,1085.6,974.26,979.27,894.81,984.77,457.35,516.27,491.71,573.74,498.89,555.6,535.56,567.63,622.2,738.29,685.3,829.33,460,558.39,837.86,954.05,498.19,551.63,610.05,652.58
703.55,818.98,647.39,692.56,437.95,465.78,605.66,658.32,459.66,507.46,469.42,624.27,390.2,561.24,437.83,510.47,608.21,723.57,701.5,737.04,425.53,449.24,560.89,605.45,427.38,444.54,424.5,437.13,501.42,611.31,462.77,498.31,642.49,636.24,718.52,723.08,524.79,588.4,477.55,523.33,456.81,520.9,1023.4,1042.2,1176.3,1251.8,762.75,773.71,1258.3,1379.6,1245.6,1327.2,1199.1,937.29,661.55,584.96,805.12,941.65,1130.1,1222.7,1014.3,1141.2,759.83,893.57,1005.9,1076.2,971.1,975.6,898.62,986.35,451.9,510.73,488.65,568.66,495.47,552.5,530.29,560.1,616.2,726.36,677.08,817.11,452.74,560.45,831.89,945.57,490.38,550.31,597.62,644.75
693.64,804.61,629.83,669.31,417.41,451.42,585.11,638.32,446.24,498.46,470.48,621.3,385.89,551.4,426.91,500.34,603.83,713.56,691.93,725.71,428.97,455.35,532.71,583.47,420.66,439.45,407.59,418.18,496.11,601.2,444.3,476.97,630.65,626.13,711.85,718.72,520.48,582.22,476.92,517.7,463.85,514.6,1011.3,1036.3,1165.6,1241.6,756.85,763.66,1252.7,1360.5,1245.4,1319.8,1182.2,921.44,657.88,578.9,792.62,923.45,1115.4,1184.7,996.15,1116.8,763.14,883.97,1006.2,1073.6,953.74,961.14,885.56,964.32,447.32,492.86,489.14,559.76,494.36,546.85,527.54,554.88,597.45,714.93,674.32,807.96,461.43,550.63,825.83,949.15,490.12,545.89,603.94,630.11
694.29,800.16,631.17,672.31,427.24,452.87,587.59,635,444.76,493.28,467.27,621.95,380.7,549.62,423.48,504.11,602.72,709.62,686.82,718.57,422.6,444.5,536.06,591.4,418.21,436.15,415.47,419.56,493.42,602.37,445.52,477.72,628.44,623.88,710.36,718.24,517.9,582.32,472.85,511.67,459.81,517.15,1012.2,1040.8,1162.7,1240.1,762.01,767.89,1253.3,1367.7,1242.9,1319,1178.5,926.21,652.64,577.04,791.91,923.73,1111.4,1180.8,995.27,1115.8,761.28,879.05,1000.6,1068.6,946.99,955.4,875.62,957.65,448.46,497.98,487.3,559.3,492.81,548.27,526.14,555.65,600.95,715,671.88,807.44,446.51,557.92,831.46,954.25,475.92,552.4,598.22,628.74
695.68,804.39,633.64,672.02,432.49,458.91,590.12,640.28,445.66,494.77,468.02,625.11,382.3,554.17,422.62,504.84,601.72,711.81,689.78,723.12,422.77,454.12,540.31,590.41,417.66,440.6,415.97,425.27,493.99,600.66,448.18,476.87,629.93,625.44,708.15,715.24,512.75,577.36,468.34,507.39,460.46,509.65,1019.7,1041.4,1169.3,1246.8,752.4,756.65,1257.2,1371.6,1249.1,1328.4,1188.4,926.23,646.56,569.65,798.17,928.6,1112.2,1185.8,999.73,1121,760.99,884.99,999.03,1067.2,950.83,957.28,880.71,958.19,447.77,498.67,486.88,559.7,494.22,541.73,525,553.1,599.25,716,671.59,805.38,449.55,563.92,825.05,945.67,477.92,550.37,595.01,620.09
695.06,803.02,633.17,670.07,435.38,462.44,588.45,637.3,446.29,493.72,468.6,621.5,383.62,553.31,424.13,506.35,605.33,710.84,690.01,722.83,420.8,450.88,540.16,590.13,420.62,436.96,422.62,429.98,490.73,596.89,444.87,477.15,627.67,624.68,708.91,720.8,506.49,574.58,466.15,509.36,457.5,512.7,1016.2,1046.1,1162.4,1242.4,763.61,771.26,1256.8,1367.5,1245.7,1322.7,1187.7,932.4,652.1,573.84,796.49,924.92,1112.4,1186.1,998.54,1115.3,758.23,879.04,1000.2,1069.7,949.3,955.12,879.58,957.39,445.45,495.66,483.91,558.08,487.97,542,523.97,551.95,603.4,713.5,671.04,805.6,454.15,567.69,826.07,953.79,490.35,556.57,600.88,630.06
694.94,804.27,637.98,672.43,428.05,455.18,591.87,639.89,444.89,494.52,470.85,625.23,384.13,557.69,424.33,504.08,601.19,710.8,691.85,720.04,419.7,448.21,544.2,587.47,420.55,438.42,413.62,418.64,491.87,600.03,450.93,480.76,631.17,626.58,707.45,718.92,510.77,580.65,472.05,514.12,455.62,515.55,1013.9,1038.9,1170.8,1246.3,760.83,767.86,1255.9,1369.6,1248.4,1321.3,1185,924.65,656.32,577.36,796.46,925.43,1110.8,1185.8,998.75,1118.7,761.69,879.56,997.84,1064.7,951.08,957.58,881.18,960.77,447.6,497.11,484.27,558.97,491.53,543.9,522.88,551.39,600.95,711.79,671.09,805.37,440.83,552.55,827.35,952.57,485.46,550.8,597.22,630.46
693.39,802.03,631.52,669.37,425.38,451.96,588.82,637.91,445.76,495.16,468.9,623.45,384.08,555.67,425.98,502.05,602.23,711.92,685.15,719.6,424.2,449.18,540.17,590.72,419.55,436.25,408.19,418.82,494.32,601.67,448.4,479.69,627.98,624.81,716.36,719.28,511.58,578.07,468.78,513.19,457.96,514.15,1016.6,1039.3,1164.1,1242.5,756.5,761.07,1256.9,1368.7,1249.5,1327.1,1203.8,930.77,650.26,574.95,793.8,921.65,1111,1181.7,996.99,1113.5,762.44,882,1001.1,1064.4,951.26,955.94,876.56,957.71,447.45,497.41,487.13,561.19,494.39,546.67,526.88,554.15,599.25,711.71,671.02,804.98,449.11,550.37,824.49,949.93,483.77,550.43,601.87,621.13
693.97,802.14,634.43,668.21,429.03,453.91,589.11,634.75,447.34,492.85,468.19,619.8,382.8,552.07,426.63,508.16,600.44,712.98,688.42,724.24,425.37,452.26,540.25,585.92,416.24,436.64,414.44,420.42,490.91,602.82,444.78,477.13,631.25,627.58,711.45,719.72,509.08,573.98,468.5,510.2,458.12,513.2,1011.6,1034.7,1164.2,1238.3,755.35,763.54,1258.4,1366.5,1249.2,1321.1,1190.5,931.35,650.73,573.2,793.69,921.01,1115.2,1184.6,1001,1118.2,763.66,882.77,1004.6,1070.3,953.74,961,876.1,958.68,446.69,498.65,486.91,563.45,493.42,547.58,524.87,555.73,593.95,723.36,669.24,805.03,455.81,558.24,824.19,947.12,483.58,551.49,600.96,620.26
692.09,801.05,633.27,669.95,429.32,458.93,587.26,635.29,448.82,498.28,467.19,618.25,382.98,551.79,425.99,509.19,602.85,712.91,685.79,721.38,422.07,451.38,539.65,591.69,422.9,440.3,414.25,422.8,494.23,604.96,448.18,479.96,631.18,625.18,708,713.92,511.53,573.64,468.04,513.83,460.23,517.35,1011.2,1031.3,1164,1241.9,755.74,763.95,1254.4,1363.7,1243.6,1318.7,1182.7,929.85,649.75,575.34,792.26,922.99,1112.4,1182,999.46,1118.4,763.73,880.4,1003.1,1065.3,949.98,954.9,876.89,957.42,447.09,499.24,487.86,561.6,490.53,546,525.32,552.39,596.5,711.64,669.34,805.57,453.47,565.51,825.57,943.05,484.5,556.2,595.75,627.43
692.33,799.74,630.92,674.08,428.62,458.33,585.44,637.49,446.13,495.72,463.08,615.88,380.05,545.52,422.97,508.08,595.25,708.72,687.63,720.63,426.47,452.09,535.5,590.27,425.07,443.91,417.41,425.67,492.09,603.24,448.54,484.25,630.26,624.82,712.36,721.6,518.77,581.72,477.19,514.45,461.81,511.9,1015.1,1038.9,1165.6,1238.8,760.32,767.78,1252.6,1361.8,1243.4,1313.9,1183.8,930.42,654.32,578.47,794.09,925.38,1112.7,1181.2,999.99,1119.8,766.8,882.5,1006.7,1068.7,951.98,959.64,879.94,959.55,447.32,498.33,486.21,558.89,489.53,544.27,527.94,555.22,597.6,713.93,671.22,806.55,446.74,563.27,834.11,951.07,482.04,552,598.11,630.04
695.51,802.11,633.48,671.08,427.7,454.42,589.89,637.99,450.13,496.26,468.56,620.59,386.34,553.21,427.09,503.65,601.83,708.27,687.54,719.2,428.77,452.53,539.39,588,426.52,439.7,412.31,419.96,495.53,605.02,448.72,480.05,630.12,624.83,712.48,724.76,517.69,584.04,477.03,515.22,461.77,519.8,1014.1,1039.3,1171.4,1245.2,761.61,769.12,1254.9,1371.2,1248,1320.6,1185,931.92,656.08,579.49,795.78,928.98,1108.9,1182.2,997.14,1117.1,763.2,883.7,1002.6,1066.4,951.86,958.84,882.62,959.65,448.14,496.7,488.02,560.19,492.03,545.35,526.86,555.92,598.65,716.71,671.05,808.65,453.04,558.65,826.23,950.88,477,548.83,596.52,627.91
694.88,803.77,632.21,670.72,431.16,458.89,587.63,639.87,447.89,497.25,471.75,625.56,386.26,558.64,428.62,504.63,604.04,715.2,688.53,720.48,421.77,451.38,537.75,589.53,422.59,441.06,415.09,424.18,495.64,604.5,450.39,479.46,634.22,630.4,713.27,721.56,516.23,580.68,471.64,510.45,458.08,517.45,1018,1041.7,1170.7,1247.3,755.56,761.93,1255,1367.7,1252.1,1327.4,1196.2,930.88,647.11,571.1,794.41,928.99,1110.4,1184.7,999.91,1125.7,767.35,889.65,1006.6,1073.4,952.26,962.43,879.75,963.52,450.05,502.15,485.95,560.91,487.83,544.52,526.81,554.9,601.35,711.07,672.36,804.91,455.11,563.43,825.18,944.9,481.27,550.17,598.63,621.51
692.17,800.6,634.71,673.64,434.14,462.6,589,638.81,447.03,494.31,464.58,618.11,381.7,552.7,424.2,506.31,600.21,708.29,686.92,720.75,420.2,449.29,541.25,593.45,422.48,440,419.91,428.44,491.89,603.33,445.6,481.29,629.59,624.92,713,721.48,513.69,577.88,470.43,508.86,457.81,515,1014.6,1038.5,1164.1,1244.4,760.59,763.52,1249.1,1362,1245.4,1322.3,1181.4,932.6,650.46,573.71,790.83,923.47,1107.4,1183,994.05,1117.1,759.48,882.9,1004,1067.8,953.72,957.67,881.29,958.77,444.28,495.35,484.8,559.03,489.47,542.7,524.3,552.71,601.5,710.93,670,804.68,456.23,572.02,826.46,943.3,485.65,555.14,599.04,625.28
691.44,798.99,634.26,676.15,427.89,457,588.51,641.15,448.13,499.38,468.5,619.42,382.73,553.86,423.45,504.26,601.99,710.57,688.61,722.48,424.23,453.18,541.81,597.87,421.79,443.55,414.03,420.62,494.79,605.64,449.97,478.09,630.8,626.44,707.85,713.28,515.49,582.03,469.95,510.41,456.19,520,1014.9,1040.1,1169.5,1246.4,757.14,765.29,1248.8,1363.8,1245.5,1317.1,1185.7,928.77,648.89,574.86,789.57,921.98,1111.5,1185.4,998.03,1114.8,766.24,881.56,1001.8,1066,954.77,959.14,878.18,957.52,446.97,498.02,486.59,561.15,492.06,544.17,524.91,553.74,597.55,712,670.46,805.43,451.94,554.27,822.2,947.03,476.19,547.23,598.88,624.69
692.9,804.12,632.8,670.88,430.84,457.73,588.74,640.09,449.29,494.98,467.96,625.05,382.8,555.37,424.76,504.4,600.75,707.87,687.51,721.94,417.73,449.18,537.04,585.5,422.07,439.81,412.47,423.84,494.02,605.14,448.67,478.87,634.57,629.7,712.52,718.36,513.17,576.39,474.31,511.6,461.38,511.95,1015.9,1040.2,1166.9,1249,756.82,765.31,1250.5,1368.3,1247.9,1323.3,1178.6,933.02,650.59,579.49,792.86,926.99,1109.3,1188.8,996.05,1126.9,762.61,889.53,1004,1072.4,954.3,964.14,880.51,963.9,445.55,500.51,488.19,560.79,491.08,544.95,525.97,553.25,597.4,714.93,672.07,804.98,452.4,559.47,825.27,943.79,478.92,548.74,598.93,627.91
692.44,805.31,635.96,677.58,430.41,460.36,592.98,648.3,450.58,497.82,468.79,627.33,387.08,558.77,427.25,505.05,599.3,707.28,687.18,722.08,419.8,451.88,547.55,593.09,420.93,444.94,414.12,422.2,492.14,601.9,457.89,488.72,630.76,628.25,707.58,715.12,511.92,575.74,467.46,516.05,455.04,509.9,1014.4,1038.5,1174,1252,755.53,765.16,1267,1372.5,1252.6,1326.3,1185.5,934.08,650.74,580.65,790.73,926.08,1113.5,1187.5,995.71,1116.8,758.28,883.66,1004.7,1061.4,954.27,960.36,883.68,961.26,448.06,501.05,485.98,561.21,488.94,540.73,523.8,550.24,600.15,704.86,671.14,799.56,452.77,558.82,823.06,940.1,480.38,543.91,598.22,631.58
690.22,798.7,633.18,670.64,430.54,459.51,587.63,636.74,448.97,498.56,464.38,619.31,382.02,551.45,426.3,506.15,603.02,715.54,689.07,721.32,419.77,455.94,534.64,586.9,420.34,445.81,413.03,421.22,495,607.58,446.87,477.31,628.51,625.42,714.18,718.96,509.86,575.63,467.85,510.43,458.5,515.7,1020.3,1041.5,1168.6,1247.2,753.85,758.75,1254.4,1367.4,1253.2,1333.4,1194,935.75,646.18,569.06,791.91,921.73,1106.5,1182.8,994.91,1116,760.59,882.3,998.79,1068.6,950.54,956.61,886.25,961.19,449.52,503.5,489.45,564.31,493.42,548.1,528.65,558.41,601.6,715.64,671.95,803.28,456.98,558.59,824.9,940.44,483.96,549.69,598.25,621.29
694.69,800.95,634.58,670.13,427.7,453.27,590.42,637.41,444.79,492.84,466.85,616.58,382.31,548.52,424.57,499.39,600.05,707.75,690.96,723.87,421.93,452.35,537.68,584.69,416.41,435.58,411.16,421.53,493.4,600.93,446.9,477.28,629.82,624.92,709.67,714.36,521.34,583.07,471.05,511.43,459.35,514.2,1015.9,1040.3,1170.8,1246.1,758.01,766.3,1255.6,1368.7,1250.5,1324.9,1185.7,933.73,649.07,572.63,792.73,925.49,1112,1190.7,998.47,1115.6,762.35,880.31,997.14,1064.5,954.61,960.09,883.03,964.16,443.86,496.23,486.36,560.81,494.78,544.83,527.24,552.97,602.55,712.79,670.46,803.04,449.49,554.04,824.71,947.18,476.65,550.14,597.61,625.88
696.05,805.29,635.78,675.47,428.41,459.51,590.9,642.91,448.71,498.18,470.37,622.55,385.52,552.37,424.61,503.9,605.59,713.08,688.47,724.75,418.9,446.71,541.75,590.76,421.76,441.49,414.22,426.58,494.54,600.13,452.71,484.39,635.37,629.61,707.09,709.72,510.44,577.47,470.47,510.78,454.73,514.35,1018.4,1040.8,1168.7,1251.1,758.2,761.85,1257.1,1368.5,1256.5,1335.5,1190.6,935.46,648.79,570.54,794.76,928.1,1116.6,1195.4,1002.1,1126.2,764.23,885.87,1000.3,1065,957.36,960.42,887.31,966.74,446.49,501.32,487.27,558.14,491.69,544.98,525.11,554.07,606.65,717.71,673.71,805.19,452.34,565.41,824.4,945.09,483.35,553.6,599.95,621.63
693.41,802.45,633.97,672.67,432.03,460.89,588.94,638.83,447.5,493.52,465.44,614.69,381.41,549.83,423.48,503.8,600.22,705.99,690.12,721.93,415.97,442.24,536.87,591.03,419.55,438.04,415.44,427.69,493.4,600.92,446.65,477.82,627.2,622.84,706.12,709.64,509.62,574.01,472.64,513.04,456.08,509.05,1013.2,1034.8,1168.9,1250.6,761.23,768.6,1257.1,1366.3,1252.3,1330.3,1181.2,938.1,654.91,581.53,793.7,923.33,1109.7,1189.8,998.27,1115.4,757.99,876.73,994.7,1061.8,952.73,956.12,879.9,955.29,444.52,493.55,484.05,556.74,487.03,541.83,522.31,550.44,601.2,713.5,671.24,803.87,446.66,563.41,821.42,940.21,486.19,551.89,597.06,634.24
693.8,802.02,634.5,675.09,429.38,462.29,588.36,639.53,454.34,508.54,469.12,628.52,383.83,560.82,430.9,510.73,604.78,721.08,688.48,724.1,422.5,446.21,537.36,592.05,425.21,447.3,415.66,418.16,497.98,609.73,451.5,481.06,630.28,628.25,715.7,722.76,512.91,579.91,472.8,511.8,461.46,511.35,1012.7,1036.5,1166,1247.7,763.64,765.4,1254.6,1363,1251.6,1328.1,1188.7,938.21,652.21,574.64,795.33,925.5,1112.3,1190,1001.1,1123.9,761.65,887.21,999.25,1072.5,957.44,961.81,879.24,956.94,452,504.39,492.45,568.16,496.69,552.3,529.56,562.6,602.5,726.21,674.54,813.75,447.98,551.92,827.21,945.66,480.62,546.37,599.42,627.01
694.33,803.09,632.93,672.96,428.46,459.71,588.94,639.9,451.53,502.52,464.87,622.97,383.45,556.04,428.29,507.91,603.53,715.91,690.2,725.39,420.1,448.71,539.17,590.31,422,442.93,412.5,422.09,495.06,607.51,447.7,478.5,631.61,627.1,714.73,721.16,510.42,573.97,462.11,507.07,453.88,510.65,1016.2,1036.2,1163.2,1243.3,754.25,759.08,1252.2,1362.3,1250.6,1327.2,1194.2,933.48,643.41,569.39,796.24,925.62,1112,1190.7,1002.7,1123.1,760.18,882.65,996.23,1066.7,955.52,960.7,884.88,959.94,452.85,501.22,489.13,564.72,493.92,549.62,527.59,556.97,600.65,718,670.57,806.07,450.79,560.96,824.23,940.89,482.27,550.09,600.05,619.42
693.36,800.84,634.48,674.45,429.59,461.84,589.8,639.77,449.32,498.61,467.6,623.06,384.52,555.33,424.76,505.07,603.02,715.42,691.29,725.91,421.07,453.71,539.14,593.42,423.52,441.81,415.56,424.84,494.16,604.91,450,480.09,629.37,625.29,709,717.36,509.78,572.68,468.93,508.92,453.35,510.55,1013.1,1034.2,1165.5,1242,756.18,763.68,1252.1,1360.9,1246.3,1324.9,1183.7,930.92,649.37,574.23,795.36,926.37,1114.8,1193.2,1000.5,1119.2,762.85,885.81,997.14,1067.4,955.16,958.27,879.85,960.52,448.77,501.1,485.14,560.92,494.06,543.12,525.12,552.47,599.9,710.07,669.66,804.01,452.26,557.73,823.54,940.17,481.88,546.17,597.73,624.57
692.2,799.73,633.17,670.59,428.89,456.47,586.96,636.88,439.71,490.26,464.31,617.44,380.54,552.37,421.59,502.86,598.81,708.53,688.02,721.06,421.07,447.68,535.52,586.92,417.9,436.31,414.38,423.51,492.8,601.3,445.25,477.65,628.78,624.17,708.52,714.84,507.81,568.62,463.68,506.63,449.04,505.9,1015.5,1036,1164.5,1244.1,752.81,760.05,1249.5,1365.3,1250.2,1327.3,1194.8,933.75,641.65,570.11,793.8,924.59,1105.6,1187.9,998.13,1116.8,759.77,878.27,993.63,1061.6,951.67,954.61,877.44,958.71,444.39,497.08,482.77,557.44,487.11,542.17,523.1,551.57,601.95,713.79,668.09,800.49,445.04,557.61,819.83,938.74,482.85,554.8,598.9,620.96
692.97,804.74,632.62,672.14,428.49,454.04,591.03,641.88,445,490.16,471.75,623.81,385.57,553.48,425.2,501.42,604.26,710.1,686.92,720.26,419.5,442.47,538.29,589.38,417.93,434.52,410.69,418.98,495.45,602,449.91,480.48,629.09,624.99,710.21,715.8,512.22,579.29,467.62,512.57,452.96,514.65,1011.9,1037.7,1163.5,1246.1,757.71,767.16,1249.6,1364.8,1247.5,1322.5,1179.8,929.08,651.36,576.63,795.88,930.5,1110.3,1192.2,997.83,1119.8,762.1,879.98,996.9,1062.8,953.41,957.33,877.57,960.97,448.25,497.9,484.91,557.7,485.5,543.4,527.03,555.59,606.25,717.43,669.86,804.72,442.43,550.71,824.35,942.55,476.31,543.97,597.74,626.56
692.01,804.6,634.55,672.31,435.51,460.11,589.94,641.28,449.71,492.62,467.19,621.69,383.33,553.06,426.81,504.87,602.8,704.21,686.91,721.74,416.33,447.85,536.78,588.31,416.66,436.51,415.56,426.76,495.67,601.59,446.66,480.2,624.13,621.67,711.61,716.64,507.79,572.65,468.38,513.58,455.69,513.05,1014.4,1038.6,1170.4,1253.8,755.69,768.5,1259.9,1368.2,1248.8,1322.2,1186.5,933.1,649.29,582.98,795.46,929.26,1108.4,1191,994.71,1113,755.17,874.16,1001.8,1065.8,952.33,959.65,880.43,958.9,444.89,497.91,487.78,560.34,496.08,544.23,525.22,552.43,614.85,722.07,673.98,803.86,444.72,563.33,825.04,944.51,485.46,545.26,599.57,634.98
692.73,804.27,635.27,673.73,420.59,449.11,592.54,638.87,444.84,491.46,464.06,618.8,380.63,549.02,427.65,501.49,602.86,711.47,692.48,725.79,421.47,444.74,538.99,591.88,415.38,432.78,406.69,415.02,496.97,604.52,446.74,480.19,627.75,624.53,710,718.72,517.96,592.48,474.78,511.63,467.08,525.55,1015.4,1045.4,1166.6,1246.7,761.92,773.82,1248.8,1371.3,1242.9,1316.3,1175,925.67,651.79,574.81,793.47,929.14,1115.1,1196.2,997.24,1116.6,761.52,877.1,1003.2,1066.8,957.58,963.49,882.6,964.58,447.47,498.48,488.95,566.28,495,553.25,526.93,557.7,607.8,722.21,672.43,809.51,445.32,544.45,836.4,961.16,472.54,545.8,599.19,628.86
695.09,805.97,633.88,669.76,426.76,455.91,592.08,640.54,446.63,492.92,470.42,621.75,386.07,552.57,426.76,505.28,599.63,708.25,689.82,723.16,419.23,451.79,536.8,586.91,415.07,436.22,419,422.18,493.63,602.12,451.59,482.42,633.21,630.37,706.39,712.12,509.86,574.05,467.47,508.04,457.62,514.95,1021.8,1048.3,1173.2,1256.4,754.91,762.88,1255,1371.9,1254.4,1331.9,1192.8,935.27,643.27,567.66,795.18,931.01,1109.1,1186,998.18,1121.6,759.14,877.7,997.91,1064.6,951.07,958.68,884.47,966.03,447.54,501.25,484.9,563.42,492.11,551.42,523.93,554.57,602.55,720.07,670.78,805.29,448.55,567.12,826.77,949.17,484.5,553.6,598.51,619.17
695.71,803.66,633.84,672.84,425.14,451.82,590.3,640.05,444.45,489.43,464.4,617.02,381.85,549.12,422.03,499.6,597.94,709.75,692.12,727.07,419.57,445.32,538.75,590.56,415.45,434.94,411.47,420.69,493.42,601.68,446.65,478,630.84,623.66,703.12,709.16,517.79,583.14,476.38,516.55,462.81,512.9,1014.9,1044.6,1166.9,1251.5,764.51,775.27,1256.2,1375.2,1250.3,1326.9,1180.8,933.9,655.6,581.85,796.22,930.27,1114.6,1191.5,999.05,1116.4,759.51,876.02,996.89,1063.4,952.75,959.03,885.76,965.81,443.68,499.59,488.26,561.95,492.83,546.75,524.4,554.3,604.4,719.64,669.97,807.12,445.47,554.92,826.62,953.21,474.69,552.49,598.3,634.55
696.34,806.87,632.25,672.65,428.7,455,589.22,638.63,447.79,493.61,469.1,619.2,380.78,549.16,425.45,506.34,603.78,716.26,693.24,725.22,424,454.85,535.97,588.28,423.72,439.93,416.88,422.04,494.97,604.16,446.06,482.11,637.68,628.11,714.58,724.64,514.18,583.56,473.97,516.88,461.15,520.55,1017.9,1046,1172.9,1256.6,758.32,769.14,1252.3,1374.1,1253.9,1327.2,1187.3,939.02,648.94,578.23,796.53,932.32,1121.8,1194.5,1005.9,1131.4,769.31,888.49,1013.2,1075.2,961.1,968.33,885.75,970.48,446.65,498.9,486.93,563.07,496.94,548.52,531.42,560.58,608.5,717.43,674.63,811.84,450.7,557.98,833.47,955.51,484.81,553.8,601.57,629.12
698.88,809.7,641.34,673.27,432.54,458.76,594.49,643.59,457,505.49,464.19,625.03,384.59,557.86,435.03,510.81,603.84,719.47,697.38,731.56,429.07,454.21,544.61,585.35,426.41,446.87,413.75,419.73,500.45,613.44,455.75,489.18,634.42,631.72,712.03,725.36,513.12,581.04,472.55,515.25,456.38,515.75,1014,1043.8,1161.8,1246.6,758.55,767.58,1252.4,1368.3,1251.7,1329.2,1190.5,938.79,649.07,575.52,797.3,931.63,1116.3,1194.9,1005.7,1121.1,756.79,882.99,998.1,1066.6,956.28,964.67,886.71,969.1,452.23,507.36,493.06,571.05,499.06,561.33,532.14,563.9,608.85,729.43,674.87,815.24,451.34,556.61,830.19,946.8,485.08,548.66,600.46,625.1
699.15,809.53,636.82,670.04,432.14,458.76,594.05,641.56,451.66,498.11,472.62,634.19,385.69,562.38,428.92,504.65,608.83,723.82,694.04,725.27,416.27,447.09,540.2,586.37,424.55,444.25,411.5,420.18,498.97,608.84,458.45,485.54,634.78,629.08,705.45,715.8,510.52,578.27,465.23,506.48,458.19,518.5,1021.4,1045,1172.8,1254.7,755.65,761.24,1257.3,1370.5,1255.1,1334.4,1204.7,941.69,644.38,567.82,801.27,937.35,1111.6,1188.2,997.34,1119.8,758.9,886.35,990.43,1062.8,951.88,958.66,889.61,966.39,453.65,513.24,490.9,569.54,494.47,550.85,528.3,557.33,608.95,721.93,676.97,811.77,446.17,559.65,823.58,942.55,482.58,554.26,595.48,619.38
698.5,808.94,640.33,673.24,431.19,457.31,596.79,643.12,448.18,489.44,470.17,618.83,383.66,551.98,421.82,497.52,599.74,709.94,694.17,726.43,414.53,445.97,542.96,587.21,419.31,436.06,414.72,423.51,491.37,599.35,448.87,480.34,630.8,624.02,699.82,706.52,509.44,577.27,470.04,513.64,453.69,508.6,1018.8,1040.2,1175.8,1255.4,758.24,770.68,1257.1,1370.6,1253.8,1330.2,1191,943.71,652.76,581.6,800.56,936.32,1117.1,1195.4,1000.5,1118.8,756.7,879.29,996.03,1059,956.12,959.96,888.54,966.58,445.26,497.4,483.48,558.91,491.42,538.95,519.59,547.63,605.85,714.21,668.99,805.02,442.21,556.71,823.39,943.9,474.12,547.2,596.93,633.87
694.11,803.35,633.77,669.67,432.11,456.51,590.3,637.27,453.18,497.11,464.4,625.69,383.04,556.49,431.13,506.5,604.22,724.45,690.52,721.02,420.33,451,538.24,587.41,426.45,442.75,411.31,419.47,497.26,612.65,451.21,481.56,627.52,624.07,716.73,730.36,506.97,578.23,466.97,507.76,454.15,508.6,1019.1,1040.6,1166.6,1246.2,754.48,763.39,1249.6,1364.4,1249.2,1322.8,1194.9,939.44,644.58,571.71,799.98,934.76,1112.4,1186.1,998.12,1112.7,756.85,882.91,999.21,1067.3,957.06,960.92,889.78,960.61,451.38,505.23,490.84,572.23,501.08,554.52,528.84,561.34,605.8,727.29,676.95,817.41,450.3,552.29,823.27,942.53,477.38,546.17,596.32,623.76
694.65,799.67,631.92,671.02,429.3,457.09,588.88,634.83,446.26,487.54,464.65,615.38,380.38,543.22,418.55,500.02,597.52,709.04,690.18,720.21,415.37,446.65,535.18,589.92,414.86,434.27,413.97,422.53,490.88,597.96,444.91,477.89,627.27,620.48,701.7,716.4,508.61,574,465.84,507.84,457.69,510.15,1018.1,1039.1,1168.6,1245.7,755.25,764.11,1246.3,1367,1249.7,1327.6,1196.7,945.6,646.82,574.86,797.13,931.04,1109.9,1184.5,996.12,1114,760.51,876.94,996.36,1061.1,955.01,958.24,887.53,964.97,443.33,495.67,484.73,557.84,490.64,542,521.61,549.71,604.7,717,668.54,805.26,445.85,561.61,824.17,940.39,481.54,550.66,599.67,627.23
697.23,803.19,632.51,670.51,428.95,450.71,587.08,633.97,440.63,478.82,461.38,616.38,382.1,542.35,417.73,491.37,599.25,707.55,691.21,721.81,413.83,441.5,539.16,588.38,412.59,432.87,413.72,420.38,490.88,598.84,443.87,473.12,630.01,624.38,709.52,714.16,511.25,575.38,465.97,504.84,454.54,508.7,1009.6,1032.4,1166.5,1238.7,753.72,760.23,1254.1,1360.7,1239.8,1318.6,1164.7,911.9,645.68,570.28,800.17,932.28,1106.6,1177,994.13,1117.5,759.28,883.35,999.3,1066.7,948.26,955.39,883.26,964.13,447.51,501.01,483.16,564.71,493.06,541.33,524.39,552.92,602.55,709.29,668.51,802.18,441.28,555.63,822.05,939.3,479.5,553.91,587.79,615.18
694.64,801.61,630.67,667.59,431.46,452.47,587.05,631.15,442.37,480.66,465.44,616.5,378.52,545.54,419.72,494.96,603.33,710.45,690.41,721.46,412.47,444.18,535.98,586.01,416.03,431.45,415.31,426.53,491.96,600.83,443.68,471.6,630.69,625.73,706.42,717.6,511.05,576.04,467.69,509.14,454.23,512.3,1016.6,1035.3,1165.2,1242.1,755.35,763.71,1250.6,1357.7,1243.6,1324.6,1189.8,919.04,646.77,574.08,800.67,928.14,1109.2,1178.7,995.97,1115,761.82,884.24,998.61,1068,948.77,955.78,882.54,965.29,446.84,498.68,484.23,562.64,492.08,545.05,526,553.82,598.35,714.79,668.71,802.74,447.64,559.45,821.76,943.47,477.04,547.26,595.18,626.31
699.41,805.02,636.12,670.79,429.27,453.73,591.38,635.85,442.68,493.79,464.98,622.06,381.82,549.02,417.56,497.57,600.12,713.21,692.96,726.5,414.5,444.82,544.85,592.55,409.55,433.48,414.59,423.13,489.04,599.85,447.53,477.35,635.86,629.78,700.88,710.48,512.31,576.33,472.97,509.9,450.96,508.1,1015.9,1037.2,1170.9,1243.9,762.49,767.48,1258.6,1368.2,1248.6,1326.6,1176.7,917.83,653.07,574.34,801.8,934.71,1112.8,1185.5,1002.2,1125,760.08,890.78,1001.4,1071.4,954.87,962.13,884.29,970.29,445.22,504.31,482.37,565.2,490.89,547.25,519.65,550.01,595.25,712.5,662.53,803.12,441.83,552.71,822.46,941.84,477.23,548.91,593.73,621.42
692.59,802.59,628.94,664.7,428.38,451.64,589.16,632.38,442.29,482.48,467.77,616.5,380.55,546.11,421.03,495.5,602.42,706.66,687.13,722.81,414.93,443.21,534.76,585.37,417.48,432.06,415.78,425.42,489.75,597.17,444.3,474.58,628.29,623.27,708.76,714.44,509.01,574.29,470.82,514.73,450.62,510,1014.1,1035.4,1161.7,1240.3,759.74,768.9,1249.3,1359.2,1245.9,1321.4,1189.4,922.65,652.4,580.41,796.28,926.4,1109.4,1182.8,999.21,1114.7,759.28,880.73,1000,1067.3,952.41,957.45,881.17,963.1,445,498.06,484.32,563.04,487.86,546.25,521.48,550.18,609.15,710.93,668.57,802.37,440.38,551.02,823.64,944.93,477.58,545.71,598.02,632.84
696.84,804.07,634.03,671.13,429.59,453.78,588.14,635.49,446.16,483.61,463.13,618.23,379.72,546.37,419.29,494.32,598.17,710.15,693.91,724.62,410.87,441.56,539.45,592.55,411.59,430.73,415.22,427.76,491.06,600.96,442.44,475.13,631.59,626.39,708.12,718.76,509.1,577.18,466.42,512.01,452.23,509.25,1012.3,1037,1163.3,1238.3,754.31,761.4,1250.2,1360,1243,1317.2,1178.4,925.4,645.38,572.79,796.64,929.17,1108.3,1182.6,994.9,1121.1,760.28,887.38,997.97,1070.2,951.07,959.68,884.99,965.52,442.41,498.02,486.34,565.35,492.94,545.9,524.22,554.49,603.8,718.57,668.31,803.21,443.4,552.9,821.37,940.82,478.54,551.57,593.57,621.66
694.93,803.06,630.41,665.71,430.68,456.07,588.27,633.77,445.53,484.74,464.48,619.05,381.68,545.54,422.06,492.65,602.49,710.12,690.74,722.99,417.97,445.82,533.54,584.38,412.41,432.94,415.56,427.67,490.04,602.44,441.4,472.45,631.04,624.67,708.03,715.28,512.03,577.48,468.88,509.11,453.69,514.9,1018.3,1037.6,1166.2,1242.7,757.09,763.38,1253.6,1361.1,1248.8,1328.7,1199,926.46,647.67,571.85,796.82,927.81,1107.6,1183.1,996.27,1116.9,756.45,882.81,998.37,1066.8,951.34,958.48,884.96,962.97,445.25,498.69,487.08,567.23,491.11,546.2,525.76,555.33,602.05,709,668.5,805.53,445.19,559.78,820.06,942.02,475.58,549.46,595.12,624.74
697.51,804.39,637.42,675.84,432.03,457.33,590.59,638.88,441.58,479.74,460.52,618,374.78,540.01,418.35,496.25,599.91,708.8,692.84,726.2,419.5,451.88,539.22,594.45,418.38,440.04,419.12,429.02,489.43,598.76,444.65,480.96,632.33,628.7,712.52,723.76,514.58,582.12,470.58,509.25,453.04,510,1023.9,1051.5,1172,1250.7,759.3,769.07,1260.1,1375.1,1252.7,1329.1,1186.6,932.81,647.93,576.14,799.28,931.96,1113.2,1196.2,998.8,1127.7,761.11,889.4,1007.2,1085,960.04,971.79,885.21,965.26,440.57,500.93,483.09,561.28,490.69,545.15,525.63,555.57,597.3,714.64,668.05,807.3,448.47,559.06,825.5,951.21,484.08,550.26,594.53,624.81
698.47,808.06,646.02,670.12,434.14,455.78,599.32,639.98,440.29,483.77,460.44,632.98,376.59,555.53,420.1,499.92,596.46,726.34,695.55,727.26,420.03,450.15,551.95,597,417.55,434.78,420.75,429.02,487.75,609.93,448.6,477.39,635.98,634.2,712.15,723,515.51,590.57,474.42,519.36,455.73,516.35,1020.6,1051.6,1165.1,1254.1,761.49,775.18,1253.1,1367.1,1247.9,1332.6,1193.6,936.17,654.47,583.69,795.93,935.29,1114.4,1202.8,999.69,1142.3,754.59,894.15,1001.8,1085.8,959.88,976.72,886.18,970.45,447.65,506.89,483.29,567.8,488,550.8,523.59,560.63,594.4,719.79,664.91,820.79,455.28,555.06,822.33,964.33,483.85,548.54,599.09,633.31
